INSERT INTO ingredient (ing_id, ing_name, ing_weight, ing_meas, ing_price) VALUES
('ING021', 'Thyme', 5, 'grams', 0.60),
('ING022', 'Rosemary', 5, 'grams', 0.70),
('ING023', 'Red Chili Flakes', 5, 'grams', 0.50),
('ING024', 'Ground Black Pepper', 5, 'grams', 0.30),
('ING025', 'Sea Salt', 5, 'grams', 0.20),
('ING026', 'Sausage', 150, 'grams', 2.90),
('ING027', 'Spinach', 100, 'grams', 1.20),
('ING028', 'Goat Cheese', 100, 'grams', 3.00),
('ING029', 'Sun-dried Tomatoes', 50, 'grams', 2.50),
('ING030', 'Gorgonzola Cheese', 100, 'grams', 3.20),
('ING031', 'Zucchini', 100, 'grams', 1.00),
('ING032', 'Eggplant', 150, 'grams', 1.50),
('ING033', 'Artichokes', 100, 'grams', 2.00),
('ING034', 'Capers', 30, 'grams', 1.50),
('ING035', 'Balsamic Glaze', 20, 'ml', 2.00),
('ING036', 'Pumpkin', 200, 'grams', 1.80),
('ING037', 'Smoked Salmon', 100, 'grams', 4.00),
('ING038', 'Shrimp', 150, 'grams', 3.50),
('ING039', 'Calamari', 150, 'grams', 3.80),
('ING040', 'Clams', 200, 'grams', 2.50),
('ING041', 'Lemon Zest', 5, 'grams', 0.40),
('ING042', 'Nutmeg', 5, 'grams', 0.60),
('ING043', 'Crushed Garlic', 10, 'grams', 0.50),
('ING044', 'Fennel', 100, 'grams', 1.50),
('ING045', 'Coriander', 5, 'grams', 0.30),
('ING046', 'Chives', 10, 'grams', 0.80),
('ING047', 'Dill', 10, 'grams', 0.70),
('ING048', 'Saffron', 1, 'grams', 5.00),
('ING049', 'Shallots', 100, 'grams', 1.20),
('ING050', 'Blue Cheese', 100, 'grams', 3.30),
('ING051', 'Chorizo', 150, 'grams', 2.80),
('ING052', 'Turkey', 150, 'grams', 2.70),
('ING053', 'Lettuce', 100, 'grams', 1.00),
('ING054', 'Cucumber', 100, 'grams', 0.90),
('ING055', 'Avocado', 100, 'grams', 2.00),
('ING056', 'Radicchio', 100, 'grams', 1.50),
('ING057', 'Walnuts', 50, 'grams', 2.50),
('ING058', 'Almonds', 50, 'grams', 2.30),
('ING059', 'Hazelnuts', 50, 'grams', 2.70),
('ING060', 'Pecans', 50, 'grams', 2.80),
('ING061', 'Cashews', 50, 'grams', 2.60),
('ING062', 'Sesame Seeds', 30, 'grams', 1.00),
('ING063', 'Poppy Seeds', 30, 'grams', 1.10),
('ING064', 'Flax Seeds', 30, 'grams', 0.90),
('ING065', 'Sunflower Seeds', 30, 'grams', 1.20),
('ING066', 'Pumpkin Seeds', 30, 'grams', 1.30),
('ING067', 'Coconut Flakes', 50, 'grams', 1.80),
('ING068', 'Dark Chocolate', 50, 'grams', 2.50),
('ING069', 'White Chocolate', 50, 'grams', 2.40),
('ING070', 'Milk Chocolate', 50, 'grams', 2.30),
('ING071', 'Maple Syrup', 50, 'ml', 2.00),
('ING072', 'Honey', 50, 'ml', 2.10),
('ING073', 'Cinnamon', 5, 'grams', 0.80),
('ING074', 'Vanilla Extract', 10, 'ml', 2.50),
('ING075', 'Cardamom', 5, 'grams', 0.90),
('ING076', 'Ginger', 10, 'grams', 0.70),
('ING077', 'Turmeric', 5, 'grams', 0.60),
('ING078', 'Cloves', 5, 'grams', 0.50),
('ING079', 'Cumin', 5, 'grams', 0.40),
('ING080', 'Bay Leaves', 5, 'grams', 0.30),
('ING081', 'Star Anise', 5, 'grams', 0.50),
('ING082', 'Mustard Seeds', 5, 'grams', 0.60),
('ING083', 'Fenugreek', 5, 'grams', 0.50),
('ING084', 'Wasabi', 10, 'grams', 3.00),
('ING085', 'Horseradish', 10, 'grams', 2.80),
('ING086', 'Tarragon', 10, 'grams', 1.40),
('ING087', 'Savory', 10, 'grams', 1.20),
('ING088', 'Marjoram', 10, 'grams', 1.00),
('ING089', 'Lemongrass', 10, 'grams', 1.30),
('ING090', 'Kaffir Lime Leaves', 10, 'grams', 1.50),
('ING091', 'Curry Leaves', 10, 'grams', 1.20),
('ING092', 'Bamboo Shoots', 100, 'grams', 2.00),
('ING093', 'Water Chestnuts', 100, 'grams', 1.80),
('ING094', 'Nori Seaweed', 50, 'grams', 3.00),
('ING095', 'Miso Paste', 50, 'grams', 2.50),
('ING096', 'Tofu', 200, 'grams', 2.20),
('ING097', 'Tempeh', 200, 'grams', 2.30),
('ING098', 'Kimchi', 200, 'grams', 2.50),
('ING099', 'Soy Sauce', 50, 'ml', 1.80),
('ING100', 'Fish Sauce', 50, 'ml', 2.00);

INSERT INTO item (item_id, sku, item_name, item_cat, item_size, item_price) VALUES
('it0001', 'PIZZ-MARG-R', 'Margherita Pizza', 'Pizza', 'Regular', 10.99),
('it0002', 'PIZZ-MARG-L', 'Margherita Pizza', 'Pizza', 'Large', 14.99),

('it0003', 'PIZZ-PEP-R', 'Pepperoni Pizza', 'Pizza', 'Regular', 12.99),
('it0004', 'PIZZ-PEP-L', 'Pepperoni Pizza', 'Pizza', 'Large', 16.99),

('it0005', 'PIZZ-MUSH-R', 'Mushroom Pizza', 'Pizza', 'Regular', 11.99),
('it0006', 'PIZZ-MUSH-L', 'Mushroom Pizza', 'Pizza', 'Large', 15.99),

('it0007', 'PIZZ-HAM-R', 'Ham Pizza', 'Pizza', 'Regular', 13.99),
('it0008', 'PIZZ-HAM-L', 'Ham Pizza', 'Pizza', 'Large', 17.99),

('it0009', 'PIZZ-VEG-R', 'Vegetarian Pizza', 'Pizza', 'Regular', 12.49),
('it0010', 'PIZZ-VEG-L', 'Vegetarian Pizza', 'Pizza', 'Large', 16.49),

('it0011', 'PIZZ-HAWA-R', 'Hawaiian Pizza', 'Pizza', 'Regular', 14.49),
('it0012', 'PIZZ-HAWA-L', 'Hawaiian Pizza', 'Pizza', 'Large', 18.49),

('it0013', 'PIZZ-RIC-R', 'Ricotta Pizza', 'Pizza', 'Regular', 15.49),
('it0014', 'PIZZ-RIC-L', 'Ricotta Pizza', 'Pizza', 'Large', 19.49),

('it0015', 'PIZZ-TRUF-R', 'Truffle Pizza', 'Pizza', 'Regular', 17.99),
('it0016', 'PIZZ-TRUF-L', 'Truffle Pizza', 'Pizza', 'Large', 21.99),

('it0017', 'PIZZ-SHRIMP-R', 'Shrimp Pizza', 'Pizza', 'Regular', 18.49),
('it0018', 'PIZZ-SHRIMP-L', 'Shrimp Pizza', 'Pizza', 'Large', 22.49),

('it0019', 'PIZZ-ANCH-R', 'Anchovy Pizza', 'Pizza', 'Regular', 13.49),
('it0020', 'PIZZ-ANCH-L', 'Anchovy Pizza', 'Pizza', 'Large', 17.49),

('it0021', 'PAST-SPAG-R', 'Spaghetti Bolognese', 'Pasta', 'Regular', 9.99),
('it0022', 'PAST-SPAG-L', 'Spaghetti Bolognese', 'Pasta', 'Large', 12.99),

('it0023', 'PAST-ALFR-R', 'Fettuccine Alfredo', 'Pasta', 'Regular', 11.99),
('it0024', 'PAST-ALFR-L', 'Fettuccine Alfredo', 'Pasta', 'Large', 14.99),

('it0025', 'PAST-PENNE-R', 'Penne Arrabbiata', 'Pasta', 'Regular', 10.49),
('it0026', 'PAST-PENNE-L', 'Penne Arrabbiata', 'Pasta', 'Large', 13.49),

('it0027', 'PAST-PEST-R', 'Pesto Pasta', 'Pasta', 'Regular', 12.49),
('it0028', 'PAST-PEST-L', 'Pesto Pasta', 'Pasta', 'Large', 15.49),

('it0029', 'PAST-BOLOG-R', 'Bolognese Lasagna', 'Pasta', 'Regular', 14.99),
('it0030', 'PAST-BOLOG-L', 'Bolognese Lasagna', 'Pasta', 'Large', 18.99),

('it0031', 'SALAD-CAES-R', 'Caesar Salad', 'Salad', 'Regular', 6.99),
('it0032', 'SALAD-CAES-L', 'Caesar Salad', 'Salad', 'Large', 9.99),

('it0033', 'SALAD-GREEK-R', 'Greek Salad', 'Salad', 'Regular', 7.49),
('it0034', 'SALAD-GREEK-L', 'Greek Salad', 'Salad', 'Large', 10.49),

('it0035', 'SALAD-AVO-R', 'Avocado Salad', 'Salad', 'Regular', 8.99),
('it0036', 'SALAD-AVO-L', 'Avocado Salad', 'Salad', 'Large', 11.99),

('it0037', 'BREAD-FOC-R', 'Focaccia Bread', 'Bread', 'Regular', 3.49),
('it0038', 'BREAD-FOC-L', 'Focaccia Bread', 'Bread', 'Large', 4.99),

('it0039', 'BREAD-GAR-R', 'Garlic Bread', 'Bread', 'Regular', 3.99),
('it0040', 'BREAD-GAR-L', 'Garlic Bread', 'Bread', 'Large', 5.49),

('it0041', 'DRINK-WIN-R', 'Red Wine', 'Drink', 'Bottle', 12.99),
('it0042', 'DRINK-WIN-L', 'White Wine', 'Drink', 'Bottle', 12.99),

('it0043', 'DRINK-SPR-R', 'Sparkling Water', 'Drink', 'Bottle', 2.99),
('it0044', 'DRINK-SPR-L', 'Sparkling Water', 'Drink', 'Can', 1.99),

('it0045', 'DRINK-SOD-R', 'Soda', 'Drink', 'Can', 1.49),
('it0046', 'DRINK-SOD-L', 'Soda', 'Drink', 'Bottle', 2.49),

('it0047', 'DESS-CHE-R', 'Cheesecake', 'Dessert', 'Slice', 4.99),
('it0048', 'DESS-CHE-L', 'Cheesecake', 'Dessert', 'Whole', 18.99),

('it0049', 'DESS-TIR-R', 'Tiramisu', 'Dessert', 'Slice', 5.49),
('it0050', 'DESS-TIR-L', 'Tiramisu', 'Dessert', 'Whole', 19.49);

INSERT INTO item (item_id, sku, item_name, item_cat, item_size, item_price) VALUES
('it0001', 'PIZZ-MARG-R', 'Margherita Pizza', 'Pizza', 'Regular', 10.99),
('it0002', 'PIZZ-MARG-L', 'Margherita Pizza', 'Pizza', 'Large', 14.99),

('it0003', 'PIZZ-PEP-R', 'Pepperoni Pizza', 'Pizza', 'Regular', 12.99),
('it0004', 'PIZZ-PEP-L', 'Pepperoni Pizza', 'Pizza', 'Large', 16.99),

('it0005', 'PIZZ-MUSH-R', 'Mushroom Pizza', 'Pizza', 'Regular', 11.99),
('it0006', 'PIZZ-MUSH-L', 'Mushroom Pizza', 'Pizza', 'Large', 15.99),

('it0007', 'PIZZ-HAM-R', 'Ham Pizza', 'Pizza', 'Regular', 13.99),
('it0008', 'PIZZ-HAM-L', 'Ham Pizza', 'Pizza', 'Large', 17.99),

('it0009', 'PIZZ-VEG-R', 'Vegetarian Pizza', 'Pizza', 'Regular', 12.49),
('it0010', 'PIZZ-VEG-L', 'Vegetarian Pizza', 'Pizza', 'Large', 16.49),

('it0011', 'PIZZ-HAWA-R', 'Hawaiian Pizza', 'Pizza', 'Regular', 14.49),
('it0012', 'PIZZ-HAWA-L', 'Hawaiian Pizza', 'Pizza', 'Large', 18.49),

('it0013', 'PIZZ-RIC-R', 'Ricotta Pizza', 'Pizza', 'Regular', 15.49),
('it0014', 'PIZZ-RIC-L', 'Ricotta Pizza', 'Pizza', 'Large', 19.49),

('it0015', 'PIZZ-TRUF-R', 'Truffle Pizza', 'Pizza', 'Regular', 17.99),
('it0016', 'PIZZ-TRUF-L', 'Truffle Pizza', 'Pizza', 'Large', 21.99),

('it0017', 'PIZZ-SHRIMP-R', 'Shrimp Pizza', 'Pizza', 'Regular', 18.49),
('it0018', 'PIZZ-SHRIMP-L', 'Shrimp Pizza', 'Pizza', 'Large', 22.49),

('it0019', 'PIZZ-ANCH-R', 'Anchovy Pizza', 'Pizza', 'Regular', 13.49),
('it0020', 'PIZZ-ANCH-L', 'Anchovy Pizza', 'Pizza', 'Large', 17.49),

('it0021', 'PAST-SPAG-R', 'Spaghetti Bolognese', 'Pasta', 'Regular', 9.99),
('it0022', 'PAST-SPAG-L', 'Spaghetti Bolognese', 'Pasta', 'Large', 12.99),

('it0023', 'PAST-ALFR-R', 'Fettuccine Alfredo', 'Pasta', 'Regular', 11.99),
('it0024', 'PAST-ALFR-L', 'Fettuccine Alfredo', 'Pasta', 'Large', 14.99),

('it0025', 'PAST-PENNE-R', 'Penne Arrabbiata', 'Pasta', 'Regular', 10.49),
('it0026', 'PAST-PENNE-L', 'Penne Arrabbiata', 'Pasta', 'Large', 13.49),

('it0027', 'PAST-PEST-R', 'Pesto Pasta', 'Pasta', 'Regular', 12.49),
('it0028', 'PAST-PEST-L', 'Pesto Pasta', 'Pasta', 'Large', 15.49),

('it0029', 'PAST-BOLOG-R', 'Bolognese Lasagna', 'Pasta', 'Regular', 14.99),
('it0030', 'PAST-BOLOG-L', 'Bolognese Lasagna', 'Pasta', 'Large', 18.99),

('it0031', 'SALAD-CAES-R', 'Caesar Salad', 'Salad', 'Regular', 6.99),
('it0032', 'SALAD-CAES-L', 'Caesar Salad', 'Salad', 'Large', 9.99),

('it0033', 'SALAD-GREEK-R', 'Greek Salad', 'Salad', 'Regular', 7.49),
('it0034', 'SALAD-GREEK-L', 'Greek Salad', 'Salad', 'Large', 10.49),

('it0035', 'SALAD-AVO-R', 'Avocado Salad', 'Salad', 'Regular', 8.99),
('it0036', 'SALAD-AVO-L', 'Avocado Salad', 'Salad', 'Large', 11.99),

('it0037', 'BREAD-FOC-R', 'Focaccia Bread', 'Bread', 'Regular', 3.49),
('it0038', 'BREAD-FOC-L', 'Focaccia Bread', 'Bread', 'Large', 4.99),

('it0039', 'BREAD-GAR-R', 'Garlic Bread', 'Bread', 'Regular', 3.99),
('it0040', 'BREAD-GAR-L', 'Garlic Bread', 'Bread', 'Large', 5.49),

('it0041', 'DRINK-WIN-R', 'Red Wine', 'Drink', 'Bottle', 12.99),
('it0042', 'DRINK-WIN-L', 'White Wine', 'Drink', 'Bottle', 12.99),

('it0043', 'DRINK-SPR-R', 'Sparkling Water', 'Drink', 'Bottle', 2.99),
('it0044', 'DRINK-SPR-L', 'Sparkling Water', 'Drink', 'Can', 1.99),

('it0045', 'DRINK-SOD-R', 'Soda', 'Drink', 'Can', 1.49),
('it0046', 'DRINK-SOD-L', 'Soda', 'Drink', 'Bottle', 2.49),

('it0047', 'DESS-CHE-R', 'Cheesecake', 'Dessert', 'Slice', 4.99),
('it0048', 'DESS-CHE-L', 'Cheesecake', 'Dessert', 'Whole', 18.99),

('it0049', 'DESS-TIR-R', 'Tiramisu', 'Dessert', 'Slice', 5.49),
('it0050', 'DESS-TIR-L', 'Tiramisu', 'Dessert', 'Whole', 19.49);

INSERT INTO recipe (row_id, recipe_id, ing_id, quantity) VALUES
(1, 'PIZZ-MARG-R', 'ING001', 200),
(2, 'PIZZ-MARG-R', 'ING002', 150),
(3, 'PIZZ-MARG-R', 'ING003', 10),
(4, 'PIZZ-MARG-R', 'ING004', 20),
(5, 'PIZZ-MARG-R', 'ING005', 100),
(6, 'PIZZ-MARG-L', 'ING001', 300),
(7, 'PIZZ-MARG-L', 'ING002', 200),
(8, 'PIZZ-MARG-L', 'ING003', 15),
(9, 'PIZZ-MARG-L', 'ING004', 30),
(10, 'PIZZ-MARG-L', 'ING005', 150),

(11, 'PIZZ-PEP-R', 'ING001', 200),
(12, 'PIZZ-PEP-R', 'ING002', 150),
(13, 'PIZZ-PEP-R', 'ING006', 150),
(14, 'PIZZ-PEP-R', 'ING004', 20),
(15, 'PIZZ-PEP-R', 'ING005', 100),
(16, 'PIZZ-PEP-L', 'ING001', 300),
(17, 'PIZZ-PEP-L', 'ING002', 200),
(18, 'PIZZ-PEP-L', 'ING006', 200),
(19, 'PIZZ-PEP-L', 'ING004', 30),
(20, 'PIZZ-PEP-L', 'ING005', 150),

(21, 'PIZZ-MUSH-R', 'ING001', 200),
(22, 'PIZZ-MUSH-R', 'ING002', 150),
(23, 'PIZZ-MUSH-R', 'ING007', 120),
(24, 'PIZZ-MUSH-R', 'ING004', 20),
(25, 'PIZZ-MUSH-R', 'ING005', 100),
(26, 'PIZZ-MUSH-L', 'ING001', 300),
(27, 'PIZZ-MUSH-L', 'ING002', 200),
(28, 'PIZZ-MUSH-L', 'ING007', 180),
(29, 'PIZZ-MUSH-L', 'ING004', 30),
(30, 'PIZZ-MUSH-L', 'ING005', 150),

(31, 'PIZZ-HAM-R', 'ING001', 200),
(32, 'PIZZ-HAM-R', 'ING002', 150),
(33, 'PIZZ-HAM-R', 'ING014', 150),
(34, 'PIZZ-HAM-R', 'ING004', 20),
(35, 'PIZZ-HAM-R', 'ING005', 100),
(36, 'PIZZ-HAM-L', 'ING001', 300),
(37, 'PIZZ-HAM-L', 'ING002', 200),
(38, 'PIZZ-HAM-L', 'ING014', 200),
(39, 'PIZZ-HAM-L', 'ING004', 30),
(40, 'PIZZ-HAM-L', 'ING005', 150),

(41, 'PIZZ-VEG-R', 'ING001', 200),
(42, 'PIZZ-VEG-R', 'ING002', 150),
(43, 'PIZZ-VEG-R', 'ING007', 120),
(44, 'PIZZ-VEG-R', 'ING008', 100),
(45, 'PIZZ-VEG-R', 'ING009', 100),
(46, 'PIZZ-VEG-L', 'ING001', 300),
(47, 'PIZZ-VEG-L', 'ING002', 200),
(48, 'PIZZ-VEG-L', 'ING007', 180),
(49, 'PIZZ-VEG-L', 'ING008', 150),
(50, 'PIZZ-VEG-L', 'ING009', 150),

(51, 'PIZZ-HAWA-R', 'ING001', 200),
(52, 'PIZZ-HAWA-R', 'ING002', 150),
(53, 'PIZZ-HAWA-R', 'ING014', 150),
(54, 'PIZZ-HAWA-R', 'ING015', 100),
(55, 'PIZZ-HAWA-R', 'ING004', 20),
(56, 'PIZZ-HAWA-L', 'ING001', 300),
(57, 'PIZZ-HAWA-L', 'ING002', 200),
(58, 'PIZZ-HAWA-L', 'ING014', 200),
(59, 'PIZZ-HAWA-L', 'ING015', 150),
(60, 'PIZZ-HAWA-L', 'ING004', 30),

(61, 'PIZZ-RIC-R', 'ING001', 200),
(62, 'PIZZ-RIC-R', 'ING002', 150),
(63, 'PIZZ-RIC-R', 'ING017', 150),
(64, 'PIZZ-RIC-R', 'ING004', 20),
(65, 'PIZZ-RIC-R', 'ING005', 100),
(66, 'PIZZ-RIC-L', 'ING001', 300),
(67, 'PIZZ-RIC-L', 'ING002', 200),
(68, 'PIZZ-RIC-L', 'ING017', 200),
(69, 'PIZZ-RIC-L', 'ING004', 30),
(70, 'PIZZ-RIC-L', 'ING005', 150),

(71, 'PIZZ-TRUF-R', 'ING001', 200),
(72, 'PIZZ-TRUF-R', 'ING002', 150),
(73, 'PIZZ-TRUF-R', 'ING004', 20),
(74, 'PIZZ-TRUF-R', 'ING005', 100),
(75, 'PIZZ-TRUF-R', 'ING020', 10),
(76, 'PIZZ-TRUF-L', 'ING001', 300),
(77, 'PIZZ-TRUF-L', 'ING002', 200),
(78, 'PIZZ-TRUF-L', 'ING004', 30),
(79, 'PIZZ-TRUF-L', 'ING005', 150),
(80, 'PIZZ-TRUF-L', 'ING020', 20),

(81, 'PIZZ-SHRIMP-R', 'ING001', 200),
(82, 'PIZZ-SHRIMP-R', 'ING002', 150),
(83, 'PIZZ-SHRIMP-R', 'ING038', 150),
(84, 'PIZZ-SHRIMP-R', 'ING004', 20),
(85, 'PIZZ-SHRIMP-R', 'ING005', 100),
(86, 'PIZZ-SHRIMP-L', 'ING001', 300),
(87, 'PIZZ-SHRIMP-L', 'ING002', 200),
(88, 'PIZZ-SHRIMP-L', 'ING038', 200),
(89, 'PIZZ-SHRIMP-L', 'ING004', 30),
(90, 'PIZZ-SHRIMP-L', 'ING005', 150),

(91, 'PIZZ-ANCH-R', 'ING001', 200),
(92, 'PIZZ-ANCH-R', 'ING002', 150),
(93, 'PIZZ-ANCH-R', 'ING011', 50),
(94, 'PIZZ-ANCH-R', 'ING004', 20),
(95, 'PIZZ-ANCH-R', 'ING005', 100),
(96, 'PIZZ-ANCH-L', 'ING001', 300),
(97, 'PIZZ-ANCH-L', 'ING002', 200),
(98, 'PIZZ-ANCH-L', 'ING011', 100),
(99, 'PIZZ-ANCH-L', 'ING004', 30),
(100, 'PIZZ-ANCH-L', 'ING005', 150);

INSERT INTO ingredient (ing_id, ing_name, ing_weight, ing_meas, ing_price) VALUES
('ING-FLOUR', 'Flour', 1000, 'grams', 1.50);
DELETE FROM ingredient WHERE ing_id = 'ING-FLOUR';
INSERT INTO ingredient (ing_id, ing_name, ing_weight, ing_meas, ing_price) VALUES
('ING101', 'Flour', 500, 'grams', 1.50);
EXEC sp_rename 'inventory.item_id', 'ing_id', 'COLUMN';

INSERT INTO inventory (inv_id, ing_id, quantity) VALUES
(1, 'ING001', 2000),
(2, 'ING002', 1500), 
(3, 'ING003', 1200),
(4, 'ING004', 800), 
(5, 'ING005', 1000), 
(6, 'ING006', 1800), 
(7, 'ING007', 3000), 
(8, 'ING008', 2500),
(9, 'ING009', 1400), 
(10, 'ING010', 2200), 
(11, 'ING011', 1800), 
(12, 'ING012', 500),  
(13, 'ING013', 1000), 
(14, 'ING014', 1100), 
(15, 'ING015', 1700),
(16, 'ING016', 1600), 
(17, 'ING017', 1500), 
(18, 'ING018', 800),  
(19, 'ING019', 900),  
(20, 'ING020', 1100), 
(21, 'ING021', 1300),
(22, 'ING022', 1900), 
(23, 'ING023', 1200), 
(24, 'ING024', 1100), 
(25, 'ING025', 1300), 
(26, 'ING026', 1400), 
(27, 'ING027', 900), 
(28, 'ING028', 1300),
(29, 'ING029', 1000),
(30, 'ING030', 1500),
(31, 'ING001', 2000);

INSERT INTO address (add_id, delivery_address1, delivery_address2, delivery_city, delivery_zipcode) VALUES
(1, 'ul. Długa 25', NULL, 'Gdańsk', '80-831'),
(2, 'ul. Grunwaldzka 102', 'm. 12', 'Gdańsk', '80-244'),
(3, 'ul. Mariacka 8', NULL, 'Gdańsk', '80-833'),
(4, 'ul. Świętojańska 15', 'm. 6', 'Gdańsk', '80-840'),
(5, 'ul. Chlebnicka 22', NULL, 'Gdańsk', '80-830'),
(6, 'ul. Kartuska 305', NULL, 'Gdańsk', '80-125'),
(7, 'ul. Jaskółcza 19', 'm. 2', 'Gdańsk', '80-767'),
(8, 'ul. Ogarna 87', NULL, 'Gdańsk', '80-826'),
(9, 'ul. Heweliusza 11', 'm. 4', 'Gdańsk', '80-890'),
(10, 'ul. Lawendowa 5', NULL, 'Gdańsk', '80-840'),
(11, 'ul. Partyzantów 32', 'm. 7', 'Gdańsk', '80-254'),
(12, 'ul. Kołodziejska 3', NULL, 'Gdańsk', '80-836'),
(13, 'ul. Wały Jagiellońskie 9', 'm. 15', 'Gdańsk', '80-853'),
(14, 'ul. Rajska 12', NULL, 'Gdańsk', '80-850'),
(15, 'ul. Piwna 26', 'm. 10', 'Gdańsk', '80-831'),
(16, 'ul. Szeroka 41', NULL, 'Gdańsk', '80-835'),
(17, 'ul. Lastadia 17', 'm. 9', 'Gdańsk', '80-880'),
(18, 'ul. Łąkowa 60', NULL, 'Gdańsk', '80-769'),
(19, 'ul. Straganiarska 15', 'm. 5', 'Gdańsk', '80-837'),
(20, 'ul. Żabi Kruk 8', NULL, 'Gdańsk', '80-822'),
(21, 'ul. Czopowa 23', 'm. 3', 'Gdańsk', '80-882'),
(22, 'ul. Angielska Grobla 11', NULL, 'Gdańsk', '80-756'),
(23, 'ul. Toruńska 18', 'm. 1', 'Gdańsk', '80-747'),
(24, 'ul. Stara Stocznia 25', NULL, 'Gdańsk', '80-862'),
(25, 'ul. Zielona 9', 'm. 8', 'Gdańsk', '80-802'),
(26, 'ul. Wałowa 35', NULL, 'Gdańsk', '80-858'),
(27, 'ul. Trakt Świętego Wojciecha 195', 'm. 14', 'Gdańsk', '80-017'),
(28, 'ul. Chmielna 101', NULL, 'Gdańsk', '80-748'),
(29, 'ul. Szafarnia 5', 'm. 16', 'Gdańsk', '80-755'),
(30, 'ul. Nowe Ogrody 23', NULL, 'Gdańsk', '80-803'),
(31, 'ul. Polanki 124', NULL, 'Gdańsk', '80-308'),
(32, 'ul. Wita Stwosza 58', 'm. 9', 'Gdańsk', '80-308'),
(33, 'ul. Gospody 6', NULL, 'Gdańsk', '80-344'),
(34, 'ul. Pomorska 94', 'm. 3', 'Gdańsk', '80-333'),
(35, 'ul. Jelitkowska 15', NULL, 'Gdańsk', '80-342'),
(36, 'ul. Subisława 23', 'm. 12', 'Gdańsk', '80-354'),
(37, 'ul. Piastowska 70', NULL, 'Gdańsk', '80-363'),
(38, 'ul. Obrońców Wybrzeża 11', 'm. 7', 'Gdańsk', '80-398'),
(39, 'ul. Kołobrzeska 9', NULL, 'Gdańsk', '80-394'),
(40, 'ul. Lęborska 18', 'm. 15', 'Gdańsk', '80-386'),
(41, 'ul. Hynka 27', NULL, 'Gdańsk', '80-465'),
(42, 'ul. Złota Karczma 35', 'm. 5', 'Gdańsk', '80-298'),
(43, 'ul. Słowackiego 50', NULL, 'Gdańsk', '80-257'),
(44, 'ul. Wrzeszczańska 21', 'm. 6', 'Gdańsk', '80-419'),
(45, 'ul. Migowska 77', NULL, 'Gdańsk', '80-287'),
(46, 'ul. Piecewska 34', 'm. 4', 'Gdańsk', '80-288'),
(47, 'ul. Myśliwska 47', NULL, 'Gdańsk', '80-283'),
(48, 'ul. Kartuska 400', 'm. 2', 'Gdańsk', '80-125'),
(49, 'ul. Jabłoniowa 20', NULL, 'Gdańsk', '80-180'),
(50, 'ul. Cedrowa 35', 'm. 8', 'Gdańsk', '80-126'),
(51, 'ul. Warszawska 70', NULL, 'Gdańsk', '80-180'),
(52, 'ul. Świętokrzyska 97', 'm. 14', 'Gdańsk', '80-180'),
(53, 'ul. Człuchowska 21', NULL, 'Gdańsk', '80-180'),
(54, 'ul. Starogardzka 12', 'm. 10', 'Gdańsk', '80-180'),
(55, 'ul. Stoczniowców 29', NULL, 'Gdańsk', '80-299'),
(56, 'ul. Sucha 17', 'm. 9', 'Gdańsk', '80-530'),
(57, 'ul. Stoczniowców 12', NULL, 'Gdańsk', '80-862'),
(58, 'ul. Sucha 7', 'm. 9', 'Gdańsk', '80-531'),
(59, 'ul. Ptasia 23', 'm. 11', 'Gdańsk', '80-880'),
(60, 'ul. Rycerska 15', NULL, 'Gdańsk', '80-855'),
(61, 'ul. Jesionowa 8', 'm. 2', 'Gdańsk', '80-261'),
(62, 'ul. Browarna 4', NULL, 'Gdańsk', '80-859'),
(63, 'ul. Wierzbowa 19', 'm. 5', 'Gdańsk', '80-140'),
(64, 'ul. Liliowa 33', NULL, 'Gdańsk', '80-299'),
(65, 'ul. Świdnicka 14', 'm. 6', 'Gdańsk', '80-168'),
(66, 'ul. Opacka 27', NULL, 'Gdańsk', '80-338'),
(67, 'ul. Karpacka 5', 'm. 17', 'Gdańsk', '80-144'),
(68, 'ul. Kościuszki 49', NULL, 'Gdańsk', '80-408'),
(69, 'ul. Startowa 11', 'm. 20', 'Gdańsk', '80-391'),
(70, 'ul. Polna 6', NULL, 'Gdańsk', '80-305'),
(71, 'ul. Górnicza 3', 'm. 12', 'Gdańsk', '80-314'),
(72, 'ul. Wczasowa 9', NULL, 'Gdańsk', '80-516'),
(73, 'ul. Targ Sienny 7', 'm. 8', 'Gdańsk', '80-806'),
(74, 'ul. Oliwska 41', NULL, 'Gdańsk', '80-563'),
(75, 'ul. Widokowa 32', 'm. 4', 'Gdańsk', '80-172'),
(76, 'ul. Krótka 21', NULL, 'Gdańsk', '80-279'),
(77, 'ul. Stalowa 18', 'm. 7', 'Gdańsk', '80-434'),
(78, 'ul. Jantarowa 22', NULL, 'Gdańsk', '80-347'),
(79, 'ul. Wita Stwosza 56', 'm. 3', 'Gdańsk', '80-312'),
(80, 'ul. Szczęśliwa 19', NULL, 'Gdańsk', '80-176'),
(81, 'ul. Bohaterów Getta 8', 'm. 6', 'Gdańsk', '80-831'),
(82, 'ul. Łódzka 99', NULL, 'Gdańsk', '80-388'),
(83, 'ul. Piastowska 65', 'm. 1', 'Gdańsk', '80-358'),
(84, 'ul. Jodłowa 77', NULL, 'Gdańsk', '80-297'),
(85, 'ul. Astronomów 10', 'm. 14', 'Gdańsk', '80-299'),
(86, 'ul. Kamienna 23', NULL, 'Gdańsk', '80-306'),
(87, 'ul. Krzyżowa 16', 'm. 5', 'Gdańsk', '80-165'),
(88, 'ul. Spacerowa 50', NULL, 'Gdańsk', '80-330'),
(89, 'ul. Na Wzgórzu 13', 'm. 18', 'Gdańsk', '80-282'),
(90, 'ul. Brzozowa 14', NULL, 'Gdańsk', '80-176'),
(91, 'ul. Fiołkowa 4', 'm. 9', 'Gdańsk', '80-177'),
(92, 'ul. Malczewskiego 55', NULL, 'Gdańsk', '80-275'),
(93, 'ul. Słoneczna 28', 'm. 2', 'Gdańsk', '80-180'),
(94, 'ul. Słowackiego 99', NULL, 'Gdańsk', '80-390'),
(95, 'ul. Reduta Wyskok 9', 'm. 10', 'Gdańsk', '80-706'),
(96, 'ul. Podwale Staromiejskie 3', NULL, 'Gdańsk', '80-844'),
(97, 'ul. Bajeczna 25', 'm. 12', 'Gdańsk', '80-684'),
(98, 'ul. Jabłoniowa 41', NULL, 'Gdańsk', '80-180'),
(99, 'ul. Konwaliowa 9', 'm. 16', 'Gdańsk', '80-297'),
(100, 'ul. Magnoliowa 5', NULL, 'Gdańsk', '80-301'),
(101, 'ul. Morska 38', 'm. 22', 'Gdańsk', '80-706'),
(102, 'ul. Królewska 6', NULL, 'Gdańsk', '80-340'),
(103, 'ul. Pilotów 19', 'm. 3', 'Gdańsk', '80-460'),
(104, 'ul. Pomorska 73', NULL, 'Gdańsk', '80-343'),
(105, 'ul. Gospody 8', 'm. 21', 'Gdańsk', '80-344'),
(106, 'ul. Targ Rybny 11', NULL, 'Gdańsk', '80-838'),
(107, 'ul. Sucha 29', 'm. 14', 'Gdańsk', '80-531'),
(108, 'ul. Cienista 20', NULL, 'Gdańsk', '80-768'),
(109, 'ul. Chłopska 48', 'm. 8', 'Gdańsk', '80-368'),
(110, 'ul. Jana Pawła II 30', NULL, 'Gdańsk', '80-462'),
(111, 'ul. Ogarna 110', 'm. 5', 'Gdańsk', '80-826'),
(112, 'ul. Jaśkowa Dolina 102', NULL, 'Gdańsk', '80-286'),
(113, 'ul. Przymorze Wielkie 44', 'm. 11', 'Gdańsk', '80-365'),
(114, 'ul. Łostowicka 37', NULL, 'Gdańsk', '80-174'),
(115, 'ul. Wita Stwosza 58', 'm. 9', 'Gdańsk', '80-308'),
(116, 'ul. Wzgórze Focha 6', NULL, 'Gdańsk', '80-163'),
(117, 'ul. Słoneczna Dolina 15', 'm. 2', 'Gdańsk', '80-603'),
(118, 'ul. Cedrowa 19', NULL, 'Gdańsk', '80-126'),
(119, 'ul. Kielnieńska 99', 'm. 18', 'Gdańsk', '80-299'),
(120, 'ul. Leona Wyczółkowskiego 5', NULL, 'Gdańsk', '80-138'),
(121, 'ul. Jabłoniowa 72', 'm. 7', 'Gdańsk', '80-180'),
(122, 'ul. Słowackiego 115', NULL, 'Gdańsk', '80-257'),
(123, 'ul. Wilanowska 42', 'm. 10', 'Gdańsk', '80-809'),
(124, 'ul. Orzeszkowej 31', NULL, 'Gdańsk', '80-435'),
(125, 'ul. Nowiny 28', 'm. 13', 'Gdańsk', '80-020'),
(126, 'ul. Strzyża 8', NULL, 'Gdańsk', '80-299'),
(127, 'ul. Beethovena 45', 'm. 6', 'Gdańsk', '80-171'),
(128, 'ul. Obrońców Wybrzeża 10', NULL, 'Gdańsk', '80-398'),
(129, 'ul. Karwieńska 9', 'm. 1', 'Gdańsk', '80-551'),
(130, 'ul. Piecewska 42', NULL, 'Gdańsk', '80-288'),
(131, 'ul. Konrada Wallenroda 3', 'm. 17', 'Gdańsk', '80-017'),
(132, 'ul. Arkońska 8', NULL, 'Gdańsk', '80-387'),
(133, 'ul. Niepołomicka 55', 'm. 15', 'Gdańsk', '80-180'),
(134, 'ul. Hallera 145', NULL, 'Gdańsk', '80-416'),
(135, 'ul. Juliusza Słowackiego 198', 'm. 22', 'Gdańsk', '80-298'),
(136, 'ul. Na Wzgórzu 12', NULL, 'Gdańsk', '80-603'),
(137, 'ul. Siennicka 23', 'm. 4', 'Gdańsk', '80-758'),
(138, 'ul. Biskupa Dominika 41', NULL, 'Gdańsk', '80-606'),
(139, 'ul. Piekarnicza 49', 'm. 2', 'Gdańsk', '80-125'),
(140, 'ul. Reduta Miś 27', NULL, 'Gdańsk', '80-721'),
(150, 'ul. Bulońska 12', 'm. 8', 'Gdańsk', '80-288'),
(151, 'ul. Guderskiego 32', NULL, 'Gdańsk', '80-180'),
(152, 'ul. Władysława IV 25', 'm. 11', 'Gdańsk', '80-390'),
(153, 'ul. Arkońska 5', NULL, 'Gdańsk', '80-387'),
(154, 'ul. Potokowa 67', 'm. 14', 'Gdańsk', '80-283'),
(155, 'ul. Kolorowa 8', NULL, 'Gdańsk', '80-180'),
(156, 'ul. Flisykowskiego 45', 'm. 6', 'Gdańsk', '80-180'),
(157, 'ul. Świrskiego 9', NULL, 'Gdańsk', '80-180'),
(158, 'ul. Porębskiego 13', 'm. 2', 'Gdańsk', '80-180'),
(159, 'ul. Przytulna 22', NULL, 'Gdańsk', '80-176'),
(160, 'ul. Myśliwska 78', 'm. 10', 'Gdańsk', '80-283'),
(161, 'ul. Lawendowe Wzgórze 3', NULL, 'Gdańsk', '80-299'),
(162, 'ul. Cieszyńskiego 9', 'm. 4', 'Gdańsk', '80-180'),
(163, 'ul. Olszynki 17', NULL, 'Gdańsk', '80-731'),
(164, 'ul. Cedrowa 18', 'm. 3', 'Gdańsk', '80-180'),
(165, 'ul. Jeleniogórska 11', NULL, 'Gdańsk', '80-180'),
(166, 'ul. Liliowa 7', 'm. 5', 'Gdańsk', '80-299'),
(167, 'ul. Szczęśliwa 24', NULL, 'Gdańsk', '80-176'),
(168, 'ul. Niepołomicka 30', 'm. 9', 'Gdańsk', '80-180'),
(169, 'ul. Kazimierza Wielkiego 45', NULL, 'Gdańsk', '80-180'),
(170, 'ul. Darżlubska 20', 'm. 7', 'Gdańsk', '80-299'),
(171, 'ul. Agrarna 12', NULL, 'Gdańsk', '80-180'),
(172, 'ul. Kwiatowa 15', 'm. 1', 'Gdańsk', '80-176'),
(173, 'ul. Storczykowa 11', NULL, 'Gdańsk', '80-299'),
(174, 'ul. Goplańska 16', 'm. 5', 'Gdańsk', '80-180'),
(175, 'ul. Radomska 9', NULL, 'Gdańsk', '80-299'),
(176, 'ul. Świętokrzyska 32', 'm. 14', 'Gdańsk', '80-180'),
(177, 'ul. Wiosenna 21', NULL, 'Gdańsk', '80-299'),
(178, 'ul. Pastelowa 8', 'm. 3', 'Gdańsk', '80-180'),
(179, 'ul. Przemyska 19', NULL, 'Gdańsk', '80-180'),
(180, 'ul. Bartnicza 6', 'm. 7', 'Gdańsk', '80-180'),
(181, 'ul. Królowej Jadwigi 11', NULL, 'Gdańsk', '80-176'),
(182, 'ul. Sucha 3', 'm. 2', 'Gdańsk', '80-299'),
(183, 'ul. Łagiewnicka 14', NULL, 'Gdańsk', '80-176'),
(184, 'ul. Jaśminowa 7', 'm. 5', 'Gdańsk', '80-180'),
(185, 'ul. Rubinowa 22', NULL, 'Gdańsk', '80-299'),
(186, 'ul. Piaskowa 10', 'm. 1', 'Gdańsk', '80-176'),
(187, 'ul. Bursztynowa 4', NULL, 'Gdańsk', '80-180'),
(188, 'ul. Diamentowa 8', 'm. 11', 'Gdańsk', '80-176'),
(189, 'ul. Bluszczowa 9', NULL, 'Gdańsk', '80-299'),
(190, 'ul. Słoneczna 3', 'm. 6', 'Gdańsk', '80-180'),
(191, 'ul. Morelowa 12', NULL, 'Gdańsk', '80-299'),
(192, 'ul. Jagodowa 21', 'm. 9', 'Gdańsk', '80-176'),
(193, 'ul. Tęczowa 5', NULL, 'Gdańsk', '80-180'),
(194, 'ul. Wrzosowa 11', 'm. 2', 'Gdańsk', '80-299'),
(195, 'ul. Klonowa 15', NULL, 'Gdańsk', '80-180'),
(196, 'ul. Miodowa 6', 'm. 4', 'Gdańsk', '80-299'),
(197, 'ul. Lazurowa 10', NULL, 'Gdańsk', '80-176'),
(198, 'ul. Akacjowa 8', 'm. 3', 'Gdańsk', '80-180'),
(199, 'ul. Topolowa 14', NULL, 'Gdańsk', '80-299'),
(200, 'ul. Wąska 7', 'm. 5', 'Gdańsk', '80-180'),
(201, 'ul. Wiśniowa 16', NULL, 'Gdańsk', '80-299'),
(202, 'ul. Czereśniowa 3', 'm. 11', 'Gdańsk', '80-176'),
(203, 'ul. Poziomkowa 22', NULL, 'Gdańsk', '80-180'),
(204, 'ul. Gołębia 9', 'm. 6', 'Gdańsk', '80-299'),
(205, 'ul. Sokola 15', NULL, 'Gdańsk', '80-180'),
(206, 'ul. Żurawia 5', 'm. 2', 'Gdańsk', '80-299'),
(207, 'ul. Orla 12', NULL, 'Gdańsk', '80-176'),
(208, 'ul. Bławatna 14', 'm. 7', 'Gdańsk', '80-180'),
(209, 'ul. Wilcza 10', NULL, 'Gdańsk', '80-299'),
(210, 'ul. Lisia 3', 'm. 5', 'Gdańsk', '80-180'),
(211, 'ul. Łosia 6', NULL, 'Gdańsk', '80-299'),
(212, 'ul. Dzięcioła 21', 'm. 9', 'Gdańsk', '80-176'),
(213, 'ul. Żbikowa 5', NULL, 'Gdańsk', '80-180'),
(214, 'ul. Jastrzębia 11', 'm. 2', 'Gdańsk', '80-299'),
(215, 'ul. Sokoła 15', NULL, 'Gdańsk', '80-180'),
(216, 'ul. Kartuska 342', NULL, 'Gdańsk', '80-125'),
(217, 'ul. Myśliwska 23', 'm. 11', 'Gdańsk', '80-283'),
(218, 'ul. Guderskiego 8', NULL, 'Gdańsk', '80-180'),
(219, 'ul. Cieszyńskiego 14', 'm. 3', 'Gdańsk', '80-809'),
(220, 'ul. Porębskiego 17', NULL, 'Gdańsk', '80-180'),
(221, 'ul. Bergiela 9', 'm. 4', 'Gdańsk', '80-180'),
(222, 'ul. Ujeścisko 71', NULL, 'Gdańsk', '80-122'),
(223, 'ul. Ptasia 4', 'm. 6', 'Gdańsk', '80-180'),
(224, 'ul. Starogardzka 55', NULL, 'Gdańsk', '80-180'),
(225, 'ul. Świętokrzyska 12', 'm. 5', 'Gdańsk', '80-180'),
(226, 'ul. Niepołomicka 38', NULL, 'Gdańsk', '80-180'),
(227, 'ul. Wielkopolska 21', 'm. 2', 'Gdańsk', '80-180'),
(228, 'ul. Przemyska 6', NULL, 'Gdańsk', '80-180'),
(229, 'ul. Królowej Jadwigi 14', 'm. 8', 'Gdańsk', '80-180'),
(230, 'ul. Platynowa 3', NULL, 'Gdańsk', '80-180'),
(231, 'ul. Olimpijska 7', 'm. 1', 'Gdańsk', '80-180'),
(232, 'ul. Kwiatkowskiego 20', NULL, 'Gdańsk', '80-180'),
(233, 'ul. Kampinoska 5', 'm. 10', 'Gdańsk', '80-180'),
(234, 'ul. Wiczlińska 66', NULL, 'Gdańsk', '80-180'),
(235, 'ul. Bieszczadzka 12', 'm. 7', 'Gdańsk', '80-180'),
(236, 'ul. Nowy Świat 3', NULL, 'Gdańsk', '80-180'),
(237, 'ul. Reduta Miś 28', 'm. 9', 'Gdańsk', '80-180'),
(238, 'ul. Leśna Góra 19', NULL, 'Gdańsk', '80-180'),
(239, 'ul. Cicha 2', 'm. 15', 'Gdańsk', '80-180'),
(240, 'ul. Świerkowa 51', NULL, 'Gdańsk', '80-180'),
(241, 'ul. Klonowa 18', 'm. 12', 'Gdańsk', '80-180'),
(242, 'ul. Wiosenna 7', NULL, 'Gdańsk', '80-180'),
(243, 'ul. Malinowa 9', 'm. 14', 'Gdańsk', '80-180'),
(244, 'ul. Jagodowa 3', NULL, 'Gdańsk', '80-180'),
(245, 'ul. Truskawkowa 2', 'm. 4', 'Gdańsk', '80-180'),
(246, 'ul. Poziomkowa 8', NULL, 'Gdańsk', '80-180'),
(247, 'ul. Borówkowa 6', 'm. 16', 'Gdańsk', '80-180'),
(248, 'ul. Cynamonowa 14', NULL, 'Gdańsk', '80-180'),
(249, 'ul. Miętowa 5', 'm. 3', 'Gdańsk', '80-180'),
(250, 'ul. Imbirowa 7', NULL, 'Gdańsk', '80-180'),
(251, 'ul. Lawendowa 18', 'm. 11', 'Gdańsk', '80-180'),
(252, 'ul. Rumiankowa 10', NULL, 'Gdańsk', '80-180'),
(253, 'ul. Jaśminowa 21', 'm. 13', 'Gdańsk', '80-180'),
(254, 'ul. Fiołkowa 6', NULL, 'Gdańsk', '80-180'),
(255, 'ul. Dębowa 9', 'm. 5', 'Gdańsk', '80-180'),
(256, 'ul. Sosnowa 4', NULL, 'Gdańsk', '80-180'),
(257, 'ul. Świerkowa 3', 'm. 7', 'Gdańsk', '80-180'),
(258, 'ul. Jodłowa 8', NULL, 'Gdańsk', '80-180'),
(259, 'ul. Brzozowa 10', 'm. 6', 'Gdańsk', '80-180'),
(260, 'ul. Akacjowa 12', NULL, 'Gdańsk', '80-180'),
(261, 'ul. Orzechowa 5', 'm. 9', 'Gdańsk', '80-180'),
(262, 'ul. Leszczynowa 14', NULL, 'Gdańsk', '80-180'),
(263, 'ul. Modrzewiowa 7', 'm. 2', 'Gdańsk', '80-180'),
(264, 'ul. Cisowa 8', NULL, 'Gdańsk', '80-180'),
(265, 'ul. Bukowa 3', 'm. 10', 'Gdańsk', '80-180'),
(266, 'ul. Słowackiego 217', 'm. 5', 'Gdańsk', '80-298');

INSERT INTO address (add_id, delivery_address1, delivery_address2, delivery_city, delivery_zipcode) VALUES
(141, 'ul. Długa 2', NULL, 'Gdańsk', '80-831'),
(142, 'ul. Grunwaldzka 10', 'm. 12', 'Gdańsk', '80-244'),
(143, 'ul. Mariacka 18', NULL, 'Gdańsk', '80-833'),
(144, 'ul. Świętojańska 153', 'm. 6', 'Gdańsk', '80-840'),
(145, 'ul. Chlebnicka 2', NULL, 'Gdańsk', '80-830'),
(146, 'ul. Kartuska 35', NULL, 'Gdańsk', '80-125'),
(147, 'ul. Jaskółcza 193', 'm. 2', 'Gdańsk', '80-767'),
(148, 'ul. Ogarna 8', NULL, 'Gdańsk', '80-826'),
(149, 'ul. Heweliusza 19', 'm. 4', 'Gdańsk', '80-890');

INSERT INTO customers (cust_id, cust_firstname, cust_lastname) VALUES
(1, 'Aleksander', 'Kowalski'),
(2, 'Michał', 'Nowak'),
(3, 'Krzysztof', 'Wiśniewski'),
(4, 'Piotr', 'Dąbrowski'),
(5, 'Andrzej', 'Lewandowski'),
(6, 'Tomasz', 'Wójcik'),
(7, 'Paweł', 'Kamiński'),
(8, 'Jan', 'Kowalczyk'),
(9, 'Adam', 'Zieliński'),
(10, 'Jakub', 'Szymański'),
(11, 'Mateusz', 'Woźniak'),
(12, 'Bartosz', 'Kozłowski'),
(13, 'Dawid', 'Jankowski'),
(14, 'Marcin', 'Mazur'),
(15, 'Sebastian', 'Wojciechowski'),
(16, 'Grzegorz', 'Kwiatkowski'),
(17, 'Łukasz', 'Krawczyk'),
(18, 'Dominik', 'Piotrowski'),
(19, 'Karol', 'Grabowski'),
(20, 'Rafał', 'Pawłowski'),
(21, 'Maciej', 'Michalski'),
(22, 'Daniel', 'Nowicki'),
(23, 'Patryk', 'Adamczyk'),
(24, 'Przemysław', 'Dudek'),
(25, 'Kamil', 'Zawadzki'),
(26, 'Filip', 'Sikora'),
(27, 'Damian', 'Witkowski'),
(28, 'Adrian', 'Walczak'),
(29, 'Szymon', 'Baran'),
(30, 'Wojciech', 'Rutkowski'),
(31, 'Emil', 'Michalak'),
(32, 'Radosław', 'Szewczyk'),
(33, 'Konrad', 'Ostrowski'),
(34, 'Robert', 'Tomaszewski'),
(35, 'Marek', 'Pietrzak'),
(36, 'Eryk', 'Jarosz'),
(37, 'Stefan', 'Duda'),
(38, 'Ireneusz', 'Król'),
(39, 'Norbert', 'Głowacki'),
(40, 'Józef', 'Dobrowolski'),
(41, 'Mirosław', 'Czarnecki'),
(42, 'Bogdan', 'Sadowski'),
(43, 'Zbigniew', 'Borkowski'),
(44, 'Eugeniusz', 'Czerwiński'),
(45, 'Zenon', 'Wrona'),
(46, 'Roman', 'Kołodziej'),
(47, 'Sylwester', 'Wilk'),
(48, 'Waldemar', 'Lis'),
(49, 'Henryk', 'Stępień'),
(50, 'Bolesław', 'Urbaniak'),
(51, 'Alicja', 'Kowalska'),
(52, 'Barbara', 'Nowak'),
(53, 'Katarzyna', 'Wiśniewska'),
(54, 'Magdalena', 'Dąbrowska'),
(55, 'Joanna', 'Lewandowska'),
(56, 'Zuzanna', 'Wójcik'),
(57, 'Paulina', 'Kamińska'),
(58, 'Monika', 'Kowalczyk'),
(59, 'Natalia', 'Zielińska'),
(60, 'Patrycja', 'Szymańska'),
(61, 'Julia', 'Woźniak'),
(62, 'Dominika', 'Kozłowska'),
(63, 'Ewa', 'Jankowska'),
(64, 'Anna', 'Mazur'),
(65, 'Marta', 'Wojciechowska'),
(66, 'Aleksandra', 'Kwiatkowska'),
(67, 'Gabriela', 'Krawczyk'),
(68, 'Izabela', 'Piotrowska'),
(69, 'Emilia', 'Grabowska'),
(70, 'Karolina', 'Pawłowska'),
(71, 'Agata', 'Michalska'),
(72, 'Weronika', 'Nowicka'),
(73, 'Marianna', 'Adamczyk'),
(74, 'Lidia', 'Dudek'),
(75, 'Helena', 'Zawadzka'),
(76, 'Elżbieta', 'Sikora'),
(77, 'Krystyna', 'Witkowska'),
(78, 'Danuta', 'Walczak'),
(79, 'Halina', 'Baran'),
(80, 'Grażyna', 'Rutkowska'),
(81, 'Iwona', 'Michalak'),
(82, 'Jadwiga', 'Szewczyk'),
(83, 'Stefania', 'Ostrowska'),
(84, 'Beata', 'Tomaszewska'),
(85, 'Wioletta', 'Pietrzak'),
(86, 'Edyta', 'Jarosz'),
(87, 'Roksana', 'Duda'),
(88, 'Bogusława', 'Król'),
(89, 'Ludmiła', 'Głowacka'),
(90, 'Renata', 'Dobrowolska'),
(91, 'Dorota', 'Czarnecka'),
(92, 'Teresa', 'Sadowska'),
(93, 'Małgorzata', 'Borkowska'),
(94, 'Agnieszka', 'Czerwińska'),
(95, 'Urszula', 'Wrona'),
(96, 'Kamila', 'Kołodziej'),
(97, 'Antonina', 'Wilk'),
(98, 'Kinga', 'Lis'),
(99, 'Nikola', 'Stępień'),
(100, 'Bogumiła', 'Urbaniak'),
(101, 'Czesław', 'Nowosielski'),
(102, 'Bronisław', 'Jastrzębski'),
(103, 'Jaromir', 'Pawlak'),
(104, 'Borys', 'Gajda'),
(105, 'Witold', 'Brzeziński'),
(106, 'Edward', 'Żukowski'),
(107, 'Mieczysław', 'Malinowski'),
(108, 'Juliusz', 'Cieślak'),
(109, 'Oskar', 'Kubiak'),
(110, 'Dorian', 'Olejniczak'),
(111, 'Cecylia', 'Marciniak'),
(112, 'Sabina', 'Domańska'),
(113, 'Ilona', 'Pająk'),
(114, 'Bronisława', 'Wieczorek'),
(115, 'Milena', 'Jóźwiak'),
(116, 'Aldona', 'Sobczak'),
(117, 'Bożena', 'Tomczak'),
(118, 'Tatiana', 'Szulc'),
(119, 'Celina', 'Kot'),
(120, 'Bernadetta', 'Stankiewicz'),
(121, 'Leon', 'Kaczmarek'),
(122, 'Wiktor', 'Andrzejewski'),
(123, 'Mirosława', 'Lisowska'),
(124, 'Olga', 'Górska'),
(125, 'Hanna', 'Wasilewska'),
(126, 'Józefa', 'Sokołowska'),
(127, 'Regina', 'Makowska'),
(128, 'Franciszka', 'Rogowska'),
(129, 'Mariola', 'Orłowska'),
(130, 'Otylia', 'Przybylska'),
(131, 'Aniela', 'Wróblewska'),
(132, 'Sylwia', 'Jastrzębska'),
(133, 'Justyna', 'Pawlak'),
(134, 'Zofia', 'Gajda'),
(135, 'Mirosław', 'Brzeziński'),
(136, 'Leonard', 'Żukowski'),
(137, 'Zdzisław', 'Malinowski'),
(138, 'Wit', 'Cieślak'),
(139, 'Teofil', 'Kubiak'),
(140, 'Iwo', 'Olejniczak'),
(141, 'Lucjan', 'Marciniak'),
(142, 'Rudolf', 'Domański'),
(143, 'Kazimierz', 'Pająk'),
(144, 'Jędrzej', 'Wieczorek'),
(145, 'Jacek', 'Jóźwiak'),
(146, 'Norbert', 'Sobczak'),
(147, 'Edmund', 'Tomczak'),
(148, 'Ryszard', 'Szulc'),
(149, 'Marian', 'Kot'),
(150, 'Błażej', 'Stankiewicz'),
(151, 'Franciszek', 'Kaczmarek'),
(152, 'Waldemar', 'Andrzejewski'),
(153, 'Kazimiera', 'Lisowska'),
(154, 'Jadwiga', 'Górska'),
(155, 'Malwina', 'Wasilewska'),
(156, 'Sabina', 'Sokołowska'),
(157, 'Lilianna', 'Makowska'),
(158, 'Henryka', 'Rogowska'),
(159, 'Zdzisława', 'Orłowska'),
(160, 'Bożena', 'Przybylska'),
(161, 'Łucja', 'Wróblewska'),
(162, 'Marianna', 'Jastrzębska'),
(163, 'Danuta', 'Pawlak'),
(164, 'Joanna', 'Gajda'),
(165, 'Helena', 'Brzezińska'),
(166, 'Antonina', 'Żukowska'),
(167, 'Stefan', 'Malinowski'),
(168, 'Lucjan', 'Cieślak'),
(169, 'Ireneusz', 'Kubiak'),
(170, 'Teofil', 'Olejniczak'),
(171, 'Oskar', 'Marciniak'),
(172, 'Juliusz', 'Domański'),
(173, 'Edward', 'Pająk'),
(174, 'Borys', 'Wieczorek'),
(175, 'Jarosław', 'Jóźwiak'),
(176, 'Czesław', 'Sobczak'),
(177, 'Norbert', 'Tomczak'),
(178, 'Leonard', 'Szulc'),
(179, 'Ryszard', 'Kot'),
(180, 'Zenon', 'Stankiewicz'),
(181, 'Zbigniew', 'Kaczmarek'),
(182, 'Bogusław', 'Andrzejewski'),
(183, 'Przemysław', 'Lisowski');

UPDATE item
SET item_price = CASE 
    WHEN item_id = 'it0001' THEN 29.99  -- Margherita Regular
    WHEN item_id = 'it0002' THEN 39.99  -- Margherita Large
    WHEN item_id = 'it0003' THEN 32.99  -- Pepperoni Regular
    WHEN item_id = 'it0004' THEN 44.99  -- Pepperoni Large
    WHEN item_id = 'it0005' THEN 34.99  -- Capricciosa Regular
    WHEN item_id = 'it0006' THEN 46.99  -- Capricciosa Large
    WHEN item_id = 'it0007' THEN 36.99  -- Prosciutto Regular
    WHEN item_id = 'it0008' THEN 48.99  -- Prosciutto Large
    WHEN item_id = 'it0009' THEN 37.99  -- Diavola Regular
    WHEN item_id = 'it0010' THEN 49.99  -- Diavola Large
    WHEN item_id = 'it0011' THEN 33.99  -- Quattro Formaggi Regular
    WHEN item_id = 'it0012' THEN 45.99  -- Quattro Formaggi Large
    WHEN item_id = 'it0013' THEN 38.99  -- Carbonara Regular
    WHEN item_id = 'it0014' THEN 52.99  -- Carbonara Large
    WHEN item_id = 'it0015' THEN 36.99  -- Bolognese Regular
    WHEN item_id = 'it0016' THEN 50.99  -- Bolognese Large
    WHEN item_id = 'it0017' THEN 42.99  -- Lasagna Regular
    WHEN item_id = 'it0018' THEN 56.99  -- Lasagna Large
    WHEN item_id = 'it0019' THEN 27.99  -- Caesar Salad
    WHEN item_id = 'it0020' THEN 34.99  -- Greek Salad
    WHEN item_id = 'it0021' THEN 26.99  -- Bruschetta
    WHEN item_id = 'it0022' THEN 31.99  -- Garlic Bread
    WHEN item_id = 'it0023' THEN 12.99  -- Soft Drink
    WHEN item_id = 'it0024' THEN 14.99  -- Fresh Juice
    WHEN item_id = 'it0025' THEN 19.99  -- Craft Beer
    ELSE item_price
END;

INSERT INTO orders (row_id, order_id, created_at, item_id, quantity, cust_id, add_id) VALUES
(1, 'ORD0001', '2025-01-03 12:30:00', 'it0001', 2, 1, 1),
(2, 'ORD0001', '2025-01-03 12:30:00', 'it0005', 1, 1, 1),
(3, 'ORD0001', '2025-01-03 12:30:00', 'it0007', 2, 1, 1),
(4, 'ORD0002', '2025-01-05 13:00:00', 'it0003', 1, 2, 2),
(5, 'ORD0003', '2025-01-06 14:45:00', 'it0002', 3, 3, 3),
(6, 'ORD0003', '2025-01-06 14:45:00', 'it0012', 1, 3, 3),
(7, 'ORD0004', '2025-01-07 16:00:00', 'it0008', 2, 4, 4),
(8, 'ORD0004', '2025-01-07 16:00:00', 'it0001', 3, 4, 4),
(9, 'ORD0005', '2025-01-08 17:10:00', 'it0007', 2, 5, 5),
(10, 'ORD0006', '2025-01-10 18:30:00', 'it0009', 1, 6, 6),
(11, 'ORD0006', '2025-01-10 18:30:00', 'it0002', 2, 6, 6),
(12, 'ORD0007', '2025-01-11 11:00:00', 'it0011', 1, 7, 7),
(13, 'ORD0008', '2025-01-12 13:50:00', 'it0003', 1, 8, 8),
(14, 'ORD0008', '2025-01-12 13:50:00', 'it0012', 2, 8, 8),
(15, 'ORD0009', '2025-01-14 14:30:00', 'it0001', 1, 9, 9),
(16, 'ORD0009', '2025-01-14 14:30:00', 'it0005', 2, 9, 9),
(17, 'ORD0010', '2025-01-15 15:20:00', 'it0006', 1, 10, 10),
(18, 'ORD0011', '2025-01-16 12:10:00', 'it0004', 2, 11, 11),
(19, 'ORD0011', '2025-01-16 12:10:00', 'it0007', 1, 11, 11),
(20, 'ORD0012', '2025-01-17 14:00:00', 'it0009', 3, 12, 12),
(21, 'ORD0012', '2025-01-17 14:00:00', 'it0008', 1, 12, 12),
(22, 'ORD0013', '2025-01-18 16:45:00', 'it0001', 2, 13, 13),
(23, 'ORD0013', '2025-01-18 16:45:00', 'it0015', 1, 13, 13),
(24, 'ORD0014', '2025-01-19 18:15:00', 'it0002', 2, 14, 14),
(25, 'ORD0015', '2025-01-21 12:30:00', 'it0007', 1, 15, 15),
(26, 'ORD0015', '2025-01-21 12:30:00', 'it0003', 3, 15, 15),
(27, 'ORD0016', '2025-01-22 17:50:00', 'it0005', 1, 16, 16),
(28, 'ORD0017', '2025-01-23 15:40:00', 'it0006', 2, 17, 17),
(29, 'ORD0017', '2025-01-23 15:40:00', 'it0002', 1, 17, 17),
(30, 'ORD0018', '2025-01-24 13:30:00', 'it0012', 2, 18, 18),
(31, 'ORD0019', '2025-01-25 19:00:00', 'it0011', 1, 19, 19),
(32, 'ORD0020', '2025-01-26 12:20:00', 'it0003', 2, 20, 20),
(33, 'ORD0020', '2025-01-26 12:20:00', 'it0009', 1, 20, 20),
(34, 'ORD0021', '2025-01-28 15:10:00', 'it0005', 3, 21, 21),
(35, 'ORD0021', '2025-01-28 15:10:00', 'it0002', 1, 21, 21),
(36, 'ORD0022', '2025-01-29 14:00:00', 'it0007', 1, 22, 22),
(37, 'ORD0023', '2025-01-30 16:40:00', 'it0001', 2, 23, 23),
(38, 'ORD0023', '2025-01-30 16:40:00', 'it0004', 2, 23, 23),
(39, 'ORD0024', '2025-02-01 18:20:00', 'it0012', 1, 24, 24),
(40, 'ORD0024', '2025-02-01 18:20:00', 'it0011', 3, 24, 24),
(41, 'ORD0025', '2025-02-02 12:00:00', 'it0011', 2, 25, 25),
(42, 'ORD0025', '2025-02-02 12:00:00', 'it0009', 1, 25, 25),
(43, 'ORD0025', '2025-02-02 12:00:00', 'it0003', 2, 25, 25),
(44, 'ORD0025', '2025-02-02 12:00:00', 'it0006', 1, 25, 25),
(45, 'ORD0026', '2025-02-03 14:30:00', 'it0002', 1, 26, 26),
(46, 'ORD0026', '2025-02-03 14:30:00', 'it0012', 2, 26, 26),
(47, 'ORD0026', '2025-02-03 14:30:00', 'it0008', 1, 26, 26),
(48, 'ORD0027', '2025-02-04 13:20:00', 'it0001', 3, 27, 27),
(49, 'ORD0027', '2025-02-04 13:20:00', 'it0011', 1, 27, 27),
(50, 'ORD0027', '2025-02-04 13:20:00', 'it0012', 2, 27, 27),
(51, 'ORD0028', '2025-02-05 15:00:00', 'it0006', 1, 28, 28),
(52, 'ORD0028', '2025-02-05 15:00:00', 'it0003', 3, 28, 28),
(53, 'ORD0028', '2025-02-05 15:00:00', 'it0015', 2, 28, 28),
(54, 'ORD0029', '2025-02-06 12:40:00', 'it0005', 1, 29, 29),
(55, 'ORD0029', '2025-02-06 12:40:00', 'it0009', 1, 29, 29),
(56, 'ORD0029', '2025-02-06 12:40:00', 'it0012', 1, 29, 29),
(57, 'ORD0029', '2025-02-06 12:40:00', 'it0007', 2, 29, 29),
(58, 'ORD0030', '2025-02-07 11:10:00', 'it0012', 1, 30, 30),
(59, 'ORD0030', '2025-02-07 11:10:00', 'it0001', 2, 30, 30),
(60, 'ORD0030', '2025-02-07 11:10:00', 'it0015', 1, 30, 30),
(61, 'ORD0030', '2025-02-07 11:10:00', 'it0006', 3, 30, 30),
(62, 'ORD0031', '2025-02-08 14:00:00', 'it0008', 2, 31, 31),
(63, 'ORD0031', '2025-02-08 14:00:00', 'it0001', 3, 31, 31),
(64, 'ORD0031', '2025-02-08 14:00:00', 'it0011', 1, 31, 31),
(65, 'ORD0032', '2025-02-09 15:20:00', 'it0005', 2, 32, 32),
(66, 'ORD0032', '2025-02-09 15:20:00', 'it0007', 1, 32, 32),
(67, 'ORD0032', '2025-02-09 15:20:00', 'it0003', 2, 32, 32),
(68, 'ORD0032', '2025-02-09 15:20:00', 'it0009', 1, 32, 32),
(69, 'ORD0033', '2025-02-10 12:30:00', 'it0015', 1, 33, 33),
(70, 'ORD0033', '2025-02-10 12:30:00', 'it0006', 2, 33, 33),
(71, 'ORD0033', '2025-02-10 12:30:00', 'it0003', 2, 33, 33),
(72, 'ORD0033', '2025-02-10 12:30:00', 'it0002', 1, 33, 33),
(73, 'ORD0034', '2025-02-11 14:40:00', 'it0009', 1, 34, 34),
(74, 'ORD0034', '2025-02-11 14:40:00', 'it0002', 1, 34, 34),
(75, 'ORD0034', '2025-02-11 14:40:00', 'it0012', 2, 34, 34),
(76, 'ORD0035', '2025-02-12 16:00:00', 'it0015', 3, 35, 35),
(77, 'ORD0035', '2025-02-12 16:00:00', 'it0008', 1, 35, 35),
(78, 'ORD0035', '2025-02-12 16:00:00', 'it0012', 2, 35, 35),
(79, 'ORD0036', '2025-02-13 14:00:00', 'it0001', 3, 36, 36),
(80, 'ORD0036', '2025-02-13 14:00:00', 'it0009', 2, 36, 36),
(81, 'ORD0036', '2025-02-13 14:00:00', 'it0007', 1, 36, 36),
(82, 'ORD0037', '2025-02-14 15:00:00', 'it0003', 2, 37, 37),
(83, 'ORD0037', '2025-02-14 15:00:00', 'it0012', 1, 37, 37),
(84, 'ORD0037', '2025-02-14 15:00:00', 'it0015', 3, 37, 37),
(85, 'ORD0038', '2025-02-15 13:30:00', 'it0002', 1, 38, 38),
(86, 'ORD0038', '2025-02-15 13:30:00', 'it0007', 2, 38, 38),
(87, 'ORD0038', '2025-02-15 13:30:00', 'it0006', 3, 38, 38),
(88, 'ORD0039', '2025-02-16 14:20:00', 'it0009', 2, 39, 39),
(89, 'ORD0039', '2025-02-16 14:20:00', 'it0008', 1, 39, 39),
(90, 'ORD0039', '2025-02-16 14:20:00', 'it0015', 2, 39, 39),
(91, 'ORD0040', '2025-02-17 12:30:00', 'it0007', 1, 40, 40),
(92, 'ORD0040', '2025-02-17 12:30:00', 'it0003', 2, 40, 40),
(93, 'ORD0040', '2025-02-17 12:30:00', 'it0001', 3, 40, 40),
(94, 'ORD0040', '2025-02-17 12:30:00', 'it0006', 2, 40, 40),
(95, 'ORD0041', '2025-02-18 13:10:00', 'it0011', 3, 41, 41),
(96, 'ORD0041', '2025-02-18 13:10:00', 'it0009', 2, 41, 41),
(97, 'ORD0041', '2025-02-18 13:10:00', 'it0005', 1, 41, 41),
(98, 'ORD0042', '2025-02-19 11:30:00', 'it0002', 2, 42, 42),
(99, 'ORD0042', '2025-02-19 11:30:00', 'it0007', 3, 42, 42),
(100, 'ORD0042', '2025-02-19 11:30:00', 'it0001', 1, 42, 42),
(101, 'ORD0043', '2025-02-20 12:40:00', 'it0006', 3, 43, 43),
(102, 'ORD0043', '2025-02-20 12:40:00', 'it0009', 1, 43, 43),
(103, 'ORD0043', '2025-02-20 12:40:00', 'it0008', 2, 43, 43),
(104, 'ORD0044', '2025-02-21 14:50:00', 'it0005', 1, 44, 44),
(105, 'ORD0044', '2025-02-21 14:50:00', 'it0007', 2, 44, 44),
(106, 'ORD0044', '2025-02-21 14:50:00', 'it0002', 3, 44, 44),
(107, 'ORD0045', '2025-02-22 15:20:00', 'it0011', 2, 45, 45),
(108, 'ORD0045', '2025-02-22 15:20:00', 'it0012', 3, 45, 45),
(109, 'ORD0045', '2025-02-22 15:20:00', 'it0006', 1, 45, 45),
(110, 'ORD0046', '2025-02-23 16:30:00', 'it0001', 2, 46, 46),
(111, 'ORD0046', '2025-02-23 16:30:00', 'it0015', 1, 46, 46),
(112, 'ORD0046', '2025-02-23 16:30:00', 'it0003', 3, 46, 46),
(113, 'ORD0047', '2025-02-24 17:40:00', 'it0009', 1, 47, 47),
(114, 'ORD0047', '2025-02-24 17:40:00', 'it0006', 3, 47, 47),
(115, 'ORD0047', '2025-02-24 17:40:00', 'it0011', 2, 47, 47),
(116, 'ORD0048', '2025-02-25 12:20:00', 'it0015', 3, 48, 48),
(117, 'ORD0048', '2025-02-25 12:20:00', 'it0008', 1, 48, 48),
(118, 'ORD0048', '2025-02-25 12:20:00', 'it0007', 2, 48, 48),
(119, 'ORD0049', '2025-02-26 14:00:00', 'it0005', 2, 49, 49),
(120, 'ORD0049', '2025-02-26 14:00:00', 'it0003', 1, 49, 49),
(121, 'ORD0049', '2025-02-26 14:00:00', 'it0012', 1, 49, 49),
(122, 'ORD0050', '2025-02-27 13:10:00', 'it0012', 1, 50, 50),
(123, 'ORD0050', '2025-02-27 13:10:00', 'it0003', 3, 50, 50),
(124, 'ORD0050', '2025-02-27 13:10:00', 'it0009', 2, 50, 50),
(125, 'ORD0051', '2025-02-28 12:00:00', 'it0001', 1, 51, 51),
(126, 'ORD0051', '2025-02-28 12:00:00', 'it0006', 2, 51, 51),
(127, 'ORD0051', '2025-02-28 12:00:00', 'it0015', 3, 51, 51),
(128, 'ORD0052', '2025-02-01 13:30:00', 'it0003', 2, 52, 52),
(129, 'ORD0052', '2025-02-01 13:30:00', 'it0009', 1, 52, 52),
(130, 'ORD0052', '2025-02-01 13:30:00', 'it0011', 1, 52, 52),
(131, 'ORD0053', '2025-02-02 14:40:00', 'it0007', 2, 53, 53),
(132, 'ORD0053', '2025-02-02 14:40:00', 'it0009', 1, 53, 53),
(133, 'ORD0053', '2025-02-02 14:40:00', 'it0006', 1, 53, 53),
(134, 'ORD0054', '2025-02-03 15:50:00', 'it0015', 3, 54, 54),
(135, 'ORD0054', '2025-02-03 15:50:00', 'it0003', 2, 54, 54),
(136, 'ORD0054', '2025-02-03 15:50:00', 'it0002', 1, 54, 54),
(137, 'ORD0055', '2025-02-04 11:40:00', 'it0001', 2, 55, 55),
(138, 'ORD0055', '2025-02-04 11:40:00', 'it0006', 3, 55, 55),
(139, 'ORD0055', '2025-02-04 11:40:00', 'it0012', 1, 55, 55),
(140, 'ORD0056', '2025-02-05 12:30:00', 'it0007', 2, 56, 56),
(141, 'ORD0056', '2025-02-05 12:30:00', 'it0009', 1, 56, 56),
(142, 'ORD0056', '2025-02-05 12:30:00', 'it0011', 3, 56, 56),
(143, 'ORD0057', '2025-02-06 14:20:00', 'it0005', 1, 57, 57),
(144, 'ORD0057', '2025-02-06 14:20:00', 'it0015', 2, 57, 57),
(145, 'ORD0057', '2025-02-06 14:20:00', 'it0002', 1, 57, 57),
(146, 'ORD0058', '2025-02-07 11:10:00', 'it0011', 2, 58, 58),
(147, 'ORD0058', '2025-02-07 11:10:00', 'it0009', 3, 58, 58),
(148, 'ORD0058', '2025-02-07 11:10:00', 'it0003', 1, 58, 58),
(149, 'ORD0059', '2025-02-08 13:30:00', 'it0006', 1, 59, 59),
(150, 'ORD0059', '2025-02-08 13:30:00', 'it0007', 2, 59, 59),
(151, 'ORD0059', '2025-02-08 13:30:00', 'it0001', 3, 59, 59),
(152, 'ORD0060', '2025-02-09 12:40:00', 'it0003', 2, 60, 60),
(153, 'ORD0060', '2025-02-09 12:40:00', 'it0015', 1, 60, 60),
(154, 'ORD0060', '2025-02-09 12:40:00', 'it0008', 3, 60, 60),
(155, 'ORD0061', '2025-02-10 14:30:00', 'it0002', 2, 61, 61),
(156, 'ORD0061', '2025-02-10 14:30:00', 'it0012', 1, 61, 61),
(157, 'ORD0061', '2025-02-10 14:30:00', 'it0005', 3, 61, 61),
(158, 'ORD0062', '2025-02-11 11:50:00', 'it0001', 1, 62, 62),
(159, 'ORD0062', '2025-02-11 11:50:00', 'it0009', 2, 62, 62),
(160, 'ORD0062', '2025-02-11 11:50:00', 'it0003', 3, 62, 62),
(161, 'ORD0063', '2025-02-12 12:00:00', 'it0005', 2, 63, 63),
(162, 'ORD0063', '2025-02-12 12:00:00', 'it0002', 1, 63, 63),
(163, 'ORD0063', '2025-02-12 12:00:00', 'it0008', 3, 63, 63),
(164, 'ORD0064', '2025-02-13 15:20:00', 'it0011', 2, 64, 64),
(165, 'ORD0064', '2025-02-13 15:20:00', 'it0006', 3, 64, 64),
(166, 'ORD0064', '2025-02-13 15:20:00', 'it0001', 1, 64, 64),
(167, 'ORD0065', '2025-02-14 14:10:00', 'it0007', 3, 65, 65),
(168, 'ORD0065', '2025-02-14 14:10:00', 'it0009', 1, 65, 65),
(169, 'ORD0065', '2025-02-14 14:10:00', 'it0003', 2, 65, 65),
(170, 'ORD0066', '2025-02-15 13:30:00', 'it0002', 1, 66, 66),
(171, 'ORD0066', '2025-02-15 13:30:00', 'it0012', 2, 66, 66),
(172, 'ORD0066', '2025-02-15 13:30:00', 'it0005', 3, 66, 66),
(173, 'ORD0067', '2025-02-16 14:50:00', 'it0011', 1, 67, 67),
(174, 'ORD0067', '2025-02-16 14:50:00', 'it0009', 2, 67, 67),
(175, 'ORD0067', '2025-02-16 14:50:00', 'it0001', 3, 67, 67),
(176, 'ORD0068', '2025-02-17 11:40:00', 'it0005', 3, 68, 68),
(177, 'ORD0068', '2025-02-17 11:40:00', 'it0002', 2, 68, 68),
(178, 'ORD0068', '2025-02-17 11:40:00', 'it0006', 1, 68, 68),
(179, 'ORD0069', '2025-02-18 14:10:00', 'it0012', 1, 69, 69),
(180, 'ORD0069', '2025-02-18 14:10:00', 'it0007', 3, 69, 69),
(181, 'ORD0069', '2025-02-18 14:10:00', 'it0009', 2, 69, 69),
(182, 'ORD0070', '2025-02-19 12:50:00', 'it0003', 2, 70, 70),
(183, 'ORD0070', '2025-02-19 12:50:00', 'it0006', 3, 70, 70),
(184, 'ORD0070', '2025-02-19 12:50:00', 'it0015', 1, 70, 70),
(185, 'ORD0071', '2025-02-20 11:30:00', 'it0012', 1, 71, 71),
(186, 'ORD0071', '2025-02-20 11:30:00', 'it0005', 2, 71, 71),
(187, 'ORD0071', '2025-02-20 11:30:00', 'it0009', 1, 71, 71),
(188, 'ORD0072', '2025-02-21 12:20:00', 'it0007', 3, 72, 72),
(189, 'ORD0072', '2025-02-21 12:20:00', 'it0002', 1, 72, 72),
(190, 'ORD0072', '2025-02-21 12:20:00', 'it0001', 2, 72, 72),
(191, 'ORD0073', '2025-02-22 14:00:00', 'it0009', 2, 73, 73),
(192, 'ORD0073', '2025-02-22 14:00:00', 'it0006', 3, 73, 73),
(193, 'ORD0073', '2025-02-22 14:00:00', 'it0007', 1, 73, 73),
(194, 'ORD0074', '2025-02-23 13:10:00', 'it0005', 2, 74, 74),
(195, 'ORD0074', '2025-02-23 13:10:00', 'it0002', 3, 74, 74),
(196, 'ORD0074', '2025-02-23 13:10:00', 'it0015', 1, 74, 74),
(197, 'ORD0075', '2025-02-24 11:30:00', 'it0011', 2, 75, 75),
(198, 'ORD0075', '2025-02-24 11:30:00', 'it0003', 1, 75, 75),
(199, 'ORD0075', '2025-02-24 11:30:00', 'it0007', 3, 75, 75),
(200, 'ORD0076', '2025-02-25 14:20:00', 'it0001', 2, 76, 76),
(201, 'ORD0076', '2025-02-25 14:20:00', 'it0005', 1, 76, 76),
(202, 'ORD0076', '2025-02-25 14:20:00', 'it0012', 3, 76, 76),
(203, 'ORD0077', '2025-02-26 12:00:00', 'it0009', 3, 77, 77),
(204, 'ORD0077', '2025-02-26 12:00:00', 'it0002', 1, 77, 77),
(205, 'ORD0077', '2025-02-26 12:00:00', 'it0005', 2, 77, 77),
(206, 'ORD0078', '2025-02-27 13:40:00', 'it0006', 1, 78, 78),
(207, 'ORD0078', '2025-02-27 13:40:00', 'it0015', 2, 78, 78),
(208, 'ORD0078', '2025-02-27 13:40:00', 'it0001', 3, 78, 78),
(209, 'ORD0079', '2025-02-28 11:20:00', 'it0003', 1, 79, 79),
(210, 'ORD0079', '2025-02-28 11:20:00', 'it0012', 2, 79, 79),
(211, 'ORD0079', '2025-02-28 11:20:00', 'it0009', 3, 79, 79),
(212, 'ORD0080', '2025-02-28 14:30:00', 'it0002', 1, 80, 80),
(213, 'ORD0080', '2025-02-28 14:30:00', 'it0015', 3, 80, 80),
(214, 'ORD0080', '2025-02-28 14:30:00', 'it0007', 2, 80, 80),
(215, 'ORD0081', '2025-02-28 13:00:00', 'it0006', 1, 81, 81),
(216, 'ORD0081', '2025-02-28 13:00:00', 'it0008', 3, 81, 81),
(217, 'ORD0081', '2025-02-28 13:00:00', 'it0009', 2, 81, 81),
(218, 'ORD0082', '2025-02-28 12:10:00', 'it0011', 2, 82, 82),
(219, 'ORD0082', '2025-02-28 12:10:00', 'it0005', 3, 82, 82),
(220, 'ORD0082', '2025-02-28 12:10:00', 'it0002', 1, 82, 82),
(221, 'ORD0083', '2025-02-27 14:40:00', 'it0007', 1, 83, 83),
(222, 'ORD0083', '2025-02-27 14:40:00', 'it0012', 2, 83, 83),
(223, 'ORD0083', '2025-02-27 14:40:00', 'it0006', 3, 83, 83),
(224, 'ORD0084', '2025-02-26 12:30:00', 'it0001', 1, 84, 84),
(225, 'ORD0084', '2025-02-26 12:30:00', 'it0009', 2, 84, 84),
(226, 'ORD0084', '2025-02-26 12:30:00', 'it0005', 3, 84, 84),
(227, 'ORD0085', '2025-02-25 13:40:00', 'it0006', 2, 85, 85),
(228, 'ORD0085', '2025-02-25 13:40:00', 'it0008', 3, 85, 85),
(229, 'ORD0085', '2025-02-25 13:40:00', 'it0007', 1, 85, 85),
(230, 'ORD0086', '2025-02-24 11:10:00', 'it0005', 3, 86, 86),
(231, 'ORD0086', '2025-02-24 11:10:00', 'it0003', 1, 86, 86),
(232, 'ORD0086', '2025-02-24 11:10:00', 'it0007', 2, 86, 86),
(233, 'ORD0087', '2025-02-23 14:00:00', 'it0009', 3, 87, 87),
(234, 'ORD0087', '2025-02-23 14:00:00', 'it0015', 1, 87, 87),
(235, 'ORD0087', '2025-02-23 14:00:00', 'it0001', 2, 87, 87),
(236, 'ORD0088', '2025-02-23 13:30:00', 'it0002', 1, 88, 88),
(237, 'ORD0088', '2025-02-23 13:30:00', 'it0015', 2, 88, 88),
(238, 'ORD0088', '2025-02-23 13:30:00', 'it0007', 3, 88, 88),
(239, 'ORD0089', '2025-02-22 12:40:00', 'it0001', 2, 89, 89),
(240, 'ORD0089', '2025-02-22 12:40:00', 'it0005', 1, 89, 89),
(241, 'ORD0089', '2025-02-22 12:40:00', 'it0006', 3, 89, 89),
(242, 'ORD0090', '2025-02-21 14:20:00', 'it0008', 1, 90, 90),
(243, 'ORD0090', '2025-02-21 14:20:00', 'it0003', 3, 90, 90),
(244, 'ORD0090', '2025-02-21 14:20:00', 'it0009', 2, 90, 90),
(245, 'ORD0091', '2025-02-20 13:00:00', 'it0006', 2, 91, 91),
(246, 'ORD0091', '2025-02-20 13:00:00', 'it0007', 3, 91, 91),
(247, 'ORD0091', '2025-02-20 13:00:00', 'it0002', 1, 91, 91),
(248, 'ORD0092', '2025-02-19 14:10:00', 'it0005', 3, 92, 92),
(249, 'ORD0092', '2025-02-19 14:10:00', 'it0012', 2, 92, 92),
(250, 'ORD0092', '2025-02-19 14:10:00', 'it0009', 1, 92, 92),
(251, 'ORD0093', '2025-02-18 13:20:00', 'it0001', 2, 93, 93),
(252, 'ORD0093', '2025-02-18 13:20:00', 'it0008', 3, 93, 93),
(253, 'ORD0093', '2025-02-18 13:20:00', 'it0007', 1, 93, 93),
(254, 'ORD0094', '2025-02-17 11:00:00', 'it0003', 1, 94, 94),
(255, 'ORD0094', '2025-02-17 11:00:00', 'it0009', 2, 94, 94),
(256, 'ORD0094', '2025-02-17 11:00:00', 'it0006', 3, 94, 94),
(257, 'ORD0095', '2025-02-16 13:10:00', 'it0015', 2, 95, 95),
(258, 'ORD0095', '2025-02-16 13:10:00', 'it0001', 3, 95, 95),
(259, 'ORD0095', '2025-02-16 13:10:00', 'it0005', 1, 95, 95),
(260, 'ORD0096', '2025-02-15 14:50:00', 'it0007', 1, 96, 96),
(261, 'ORD0096', '2025-02-15 14:50:00', 'it0003', 2, 96, 96),
(262, 'ORD0096', '2025-02-15 14:50:00', 'it0002', 3, 96, 96),
(263, 'ORD0097', '2025-02-14 11:30:00', 'it0012', 1, 97, 97),
(264, 'ORD0097', '2025-02-14 11:30:00', 'it0008', 2, 97, 97),
(265, 'ORD0097', '2025-02-14 11:30:00', 'it0009', 3, 97, 97);


INSERT INTO orders (row_id, order_id, created_at, item_id, quantity, cust_id, add_id) VALUES
(266, 'ORD0098', '2025-02-13 12:00:00', 'it0002', 3, 98, 98),
(267, 'ORD0098', '2025-02-13 12:00:00', 'it0007', 2, 98, 98),
(268, 'ORD0098', '2025-02-13 12:00:00', 'it0009', 1, 98, 98),
(269, 'ORD0099', '2025-02-12 15:30:00', 'it0001', 1, 99, 99),
(270, 'ORD0099', '2025-02-12 15:30:00', 'it0006', 2, 99, 99),
(271, 'ORD0099', '2025-02-12 15:30:00', 'it0003', 3, 99, 99),
(272, 'ORD0100', '2025-02-11 16:00:00', 'it0009', 1, 100, 100),
(273, 'ORD0100', '2025-02-11 16:00:00', 'it0007', 2, 100, 100),
(274, 'ORD0100', '2025-02-11 16:00:00', 'it0002', 3, 100, 100),
(275, 'ORD0101', '2025-02-10 14:30:00', 'it0001', 2, 101, 101),
(276, 'ORD0101', '2025-02-10 14:30:00', 'it0005', 1, 101, 101),
(277, 'ORD0101', '2025-02-10 14:30:00', 'it0006', 3, 101, 101),
(278, 'ORD0102', '2025-02-09 11:10:00', 'it0003', 1, 102, 102),
(279, 'ORD0102', '2025-02-09 11:10:00', 'it0015', 2, 102, 102),
(280, 'ORD0102', '2025-02-09 11:10:00', 'it0007', 3, 102, 102),
(281, 'ORD0103', '2025-02-08 14:40:00', 'it0008', 1, 103, 103),
(282, 'ORD0103', '2025-02-08 14:40:00', 'it0001', 2, 103, 103),
(283, 'ORD0103', '2025-02-08 14:40:00', 'it0012', 3, 103, 103),
(284, 'ORD0104', '2025-02-07 16:10:00', 'it0002', 3, 104, 104),
(285, 'ORD0104', '2025-02-07 16:10:00', 'it0003', 2, 104, 104),
(286, 'ORD0104', '2025-02-07 16:10:00', 'it0006', 1, 104, 104),
(287, 'ORD0105', '2025-02-06 17:00:00', 'it0007', 2, 105, 105),
(288, 'ORD0105', '2025-02-06 17:00:00', 'it0012', 3, 105, 105),
(289, 'ORD0105', '2025-02-06 17:00:00', 'it0009', 1, 105, 105),
(290, 'ORD0106', '2025-02-05 14:10:00', 'it0001', 3, 106, 106),
(291, 'ORD0106', '2025-02-05 14:10:00', 'it0008', 2, 106, 106),
(292, 'ORD0106', '2025-02-05 14:10:00', 'it0006', 1, 106, 106),
(293, 'ORD0107', '2025-02-04 16:30:00', 'it0003', 2, 107, 107),
(294, 'ORD0107', '2025-02-04 16:30:00', 'it0015', 1, 107, 107),
(295, 'ORD0107', '2025-02-04 16:30:00', 'it0007', 3, 107, 107),
(296, 'ORD0108', '2025-02-03 14:20:00', 'it0005', 1, 108, 108),
(297, 'ORD0108', '2025-02-03 14:20:00', 'it0002', 3, 108, 108),
(298, 'ORD0108', '2025-02-03 14:20:00', 'it0012', 2, 108, 108),
(299, 'ORD0109', '2025-02-02 12:40:00', 'it0001', 2, 109, 109),
(300, 'ORD0109', '2025-02-02 12:40:00', 'it0007', 3, 109, 109),
(301, 'ORD0110', '2025-02-01 17:10:00', 'it0002', 3, 110, 201),
(302, 'ORD0110', '2025-02-01 17:10:00', 'it0009', 2, 110, 201),
(303, 'ORD0110', '2025-02-01 17:10:00', 'it0005', 1, 110, 201),
(304, 'ORD0111', '2025-01-31 16:00:00', 'it0011', 2, 111, 202),
(305, 'ORD0111', '2025-01-31 16:00:00', 'it0004', 1, 111, 202),
(306, 'ORD0111', '2025-01-31 16:00:00', 'it0010', 3, 111, 202),
(307, 'ORD0112', '2025-01-30 15:40:00', 'it0003', 1, 112, 203),
(308, 'ORD0112', '2025-01-30 15:40:00', 'it0001', 3, 112, 203),
(309, 'ORD0112', '2025-01-30 15:40:00', 'it0007', 2, 112, 203),
(310, 'ORD0113', '2025-01-29 14:50:00', 'it0009', 1, 113, 204),
(311, 'ORD0113', '2025-01-29 14:50:00', 'it0006', 3, 113, 204),
(312, 'ORD0113', '2025-01-29 14:50:00', 'it0012', 2, 113, 204),
(313, 'ORD0114', '2025-01-28 18:10:00', 'it0013', 3, 114, 205),
(314, 'ORD0114', '2025-01-28 18:10:00', 'it0004', 2, 114, 205),
(315, 'ORD0114', '2025-01-28 18:10:00', 'it0001', 1, 114, 205),
(316, 'ORD0115', '2025-01-27 12:20:00', 'it0002', 1, 115, 206),
(317, 'ORD0115', '2025-01-27 12:20:00', 'it0011', 2, 115, 206),
(318, 'ORD0115', '2025-01-27 12:20:00', 'it0007', 3, 115, 206),
(319, 'ORD0116', '2025-01-26 16:40:00', 'it0009', 2, 116, 207),
(320, 'ORD0116', '2025-01-26 16:40:00', 'it0008', 3, 116, 207),
(321, 'ORD0116', '2025-01-26 16:40:00', 'it0005', 1, 116, 207),
(322, 'ORD0117', '2025-01-25 18:30:00', 'it0003', 3, 117, 208),
(323, 'ORD0117', '2025-01-25 18:30:00', 'it0002', 2, 117, 208),
(324, 'ORD0117', '2025-01-25 18:30:00', 'it0012', 1, 117, 208),
(325, 'ORD0118', '2025-01-24 15:50:00', 'it0006', 2, 118, 209),
(326, 'ORD0118', '2025-01-24 15:50:00', 'it0001', 1, 118, 209),
(327, 'ORD0118', '2025-01-24 15:50:00', 'it0007', 3, 118, 209),
(328, 'ORD0119', '2025-01-23 17:10:00', 'it0004', 1, 119, 210),
(329, 'ORD0119', '2025-01-23 17:10:00', 'it0009', 3, 119, 210),
(330, 'ORD0119', '2025-01-23 17:10:00', 'it0010', 2, 119, 210),
(331, 'ORD0120', '2025-01-22 12:00:00', 'it0007', 2, 120, 211),
(332, 'ORD0120', '2025-01-22 12:00:00', 'it0006', 3, 120, 211),
(333, 'ORD0120', '2025-01-22 12:00:00', 'it0003', 1, 120, 211),
(334, 'ORD0121', '2025-01-21 18:00:00', 'it0012', 2, 121, 212),
(335, 'ORD0121', '2025-01-21 18:00:00', 'it0001', 3, 121, 212),
(336, 'ORD0121', '2025-01-21 18:00:00', 'it0009', 1, 121, 212),
(337, 'ORD0122', '2025-01-20 16:10:00', 'it0003', 3, 122, 213),
(338, 'ORD0122', '2025-01-20 16:10:00', 'it0005', 2, 122, 213),
(339, 'ORD0122', '2025-01-20 16:10:00', 'it0002', 1, 122, 213),
(340, 'ORD0123', '2025-01-19 13:00:00', 'it0011', 1, 123, 214),
(341, 'ORD0123', '2025-01-19 13:00:00', 'it0006', 3, 123, 214),
(342, 'ORD0123', '2025-01-19 13:00:00', 'it0009', 2, 123, 214),
(343, 'ORD0124', '2025-01-18 14:40:00', 'it0005', 1, 124, 215),
(344, 'ORD0124', '2025-01-18 14:40:00', 'it0002', 2, 124, 215),
(345, 'ORD0124', '2025-01-18 14:40:00', 'it0010', 3, 124, 215),
(346, 'ORD0125', '2025-01-17 16:30:00', 'it0004', 1, 125, 216),
(347, 'ORD0125', '2025-01-17 16:30:00', 'it0009', 2, 125, 216),
(348, 'ORD0125', '2025-01-17 16:30:00', 'it0001', 3, 125, 216),
(349, 'ORD0126', '2025-01-16 15:20:00', 'it0002', 1, 126, 217),
(350, 'ORD0126', '2025-01-16 15:20:00', 'it0006', 2, 126, 217),
(351, 'ORD0126', '2025-01-16 15:20:00', 'it0007', 3, 126, 217),
(352, 'ORD0127', '2025-01-15 12:30:00', 'it0009', 2, 127, 218),
(353, 'ORD0127', '2025-01-15 12:30:00', 'it0011', 3, 127, 218),
(354, 'ORD0127', '2025-01-15 12:30:00', 'it0001', 1, 127, 218),
(355, 'ORD0128', '2025-01-14 17:40:00', 'it0010', 3, 128, 219),
(356, 'ORD0128', '2025-01-14 17:40:00', 'it0002', 2, 128, 219),
(357, 'ORD0128', '2025-01-14 17:40:00', 'it0007', 1, 128, 219),
(358, 'ORD0129', '2025-01-13 18:50:00', 'it0006', 2, 129, 220),
(359, 'ORD0129', '2025-01-13 18:50:00', 'it0009', 3, 129, 220),
(360, 'ORD0129', '2025-01-13 18:50:00', 'it0003', 1, 129, 220),
(361, 'ORD0130', '2025-01-12 14:20:00', 'it0011', 3, 130, 221),
(362, 'ORD0130', '2025-01-12 14:20:00', 'it0004', 2, 130, 221),
(363, 'ORD0130', '2025-01-12 14:20:00', 'it0007', 1, 130, 221),
(364, 'ORD0131', '2025-01-11 16:00:00', 'it0003', 1, 131, 222),
(365, 'ORD0131', '2025-01-11 16:00:00', 'it0010', 3, 131, 222),
(366, 'ORD0131', '2025-01-11 16:00:00', 'it0009', 2, 131, 222),
(367, 'ORD0132', '2025-01-10 17:10:00', 'it0007', 3, 132, 223),
(368, 'ORD0132', '2025-01-10 17:10:00', 'it0005', 1, 132, 223),
(369, 'ORD0132', '2025-01-10 17:10:00', 'it0002', 2, 132, 223),
(370, 'ORD0133', '2025-01-09 15:40:00', 'it0011', 2, 133, 224),
(371, 'ORD0133', '2025-01-09 15:40:00', 'it0004', 1, 133, 224),
(372, 'ORD0133', '2025-01-09 15:40:00', 'it0012', 3, 133, 224),
(373, 'ORD0134', '2025-01-08 14:20:00', 'it0006', 1, 134, 225),
(374, 'ORD0134', '2025-01-08 14:20:00', 'it0009', 2, 134, 225),
(375, 'ORD0134', '2025-01-08 14:20:00', 'it0007', 3, 134, 225),
(376, 'ORD0135', '2025-01-07 12:50:00', 'it0002', 3, 135, 226),
(377, 'ORD0135', '2025-01-07 12:50:00', 'it0010', 1, 135, 226),
(378, 'ORD0135', '2025-01-07 12:50:00', 'it0005', 2, 135, 226),
(379, 'ORD0136', '2025-01-06 16:30:00', 'it0009', 1, 136, 227),
(380, 'ORD0136', '2025-01-06 16:30:00', 'it0007', 3, 136, 227),
(381, 'ORD0136', '2025-01-06 16:30:00', 'it0006', 2, 136, 227),
(382, 'ORD0137', '2025-01-05 14:10:00', 'it0004', 1, 137, 228),
(383, 'ORD0137', '2025-01-05 14:10:00', 'it0005', 2, 137, 228),
(384, 'ORD0137', '2025-01-05 14:10:00', 'it0009', 3, 137, 228),
(385, 'ORD0138', '2025-01-04 13:40:00', 'it0001', 1, 138, 229),
(386, 'ORD0138', '2025-01-04 13:40:00', 'it0012', 2, 138, 229),
(387, 'ORD0138', '2025-01-04 13:40:00', 'it0006', 3, 138, 229),
(388, 'ORD0139', '2025-01-03 16:30:00', 'it0007', 3, 139, 230),
(389, 'ORD0139', '2025-01-03 16:30:00', 'it0010', 2, 139, 230),
(390, 'ORD0139', '2025-01-03 16:30:00', 'it0002', 1, 139, 230),
(391, 'ORD0140', '2025-01-02 17:50:00', 'it0003', 1, 140, 231),
(392, 'ORD0140', '2025-01-02 17:50:00', 'it0005', 3, 140, 231),
(393, 'ORD0140', '2025-01-02 17:50:00', 'it0001', 2, 140, 231),
(394, 'ORD0141', '2025-01-01 12:30:00', 'it0002', 1, 141, 232),
(395, 'ORD0141', '2025-01-01 12:30:00', 'it0009', 2, 141, 232),
(396, 'ORD0141', '2025-01-01 12:30:00', 'it0010', 3, 141, 232),
(397, 'ORD0142', '2025-01-01 14:00:00', 'it0007', 2, 142, 233),
(398, 'ORD0142', '2025-01-01 14:00:00', 'it0011', 3, 142, 233),
(399, 'ORD0142', '2025-01-01 14:00:00', 'it0006', 1, 142, 233),
(400, 'ORD0143', '2025-01-01 15:40:00', 'it0004', 1, 143, 234),
(401, 'ORD0143', '2025-01-01 15:40:00', 'it0007', 2, 143, 234),
(402, 'ORD0143', '2025-01-01 15:40:00', 'it0009', 3, 143, 234),
(403, 'ORD0144', '2025-01-02 11:10:00', 'it0002', 1, 144, 235),
(404, 'ORD0144', '2025-01-02 11:10:00', 'it0010', 2, 144, 235),
(405, 'ORD0144', '2025-01-02 11:10:00', 'it0001', 3, 144, 235),
(406, 'ORD0145', '2025-01-03 13:30:00', 'it0007', 2, 145, 236),
(407, 'ORD0145', '2025-01-03 13:30:00', 'it0004', 1, 145, 236),
(408, 'ORD0145', '2025-01-03 13:30:00', 'it0006', 3, 145, 236),
(409, 'ORD0146', '2025-01-04 14:50:00', 'it0005', 1, 146, 237),
(410, 'ORD0146', '2025-01-04 14:50:00', 'it0009', 3, 146, 237),
(411, 'ORD0146', '2025-01-04 14:50:00', 'it0007', 2, 146, 237),
(412, 'ORD0147', '2025-01-05 16:20:00', 'it0004', 3, 147, 238),
(413, 'ORD0147', '2025-01-05 16:20:00', 'it0001', 2, 147, 238),
(414, 'ORD0147', '2025-01-05 16:20:00', 'it0002', 1, 147, 238),
(415, 'ORD0148', '2025-01-06 17:00:00', 'it0006', 3, 148, 239),
(416, 'ORD0148', '2025-01-06 17:00:00', 'it0011', 1, 148, 239),
(417, 'ORD0148', '2025-01-06 17:00:00', 'it0005', 2, 148, 239),
(418, 'ORD0149', '2025-01-07 15:40:00', 'it0009', 2, 149, 240),
(419, 'ORD0149', '2025-01-07 15:40:00', 'it0007', 3, 149, 240),
(420, 'ORD0149', '2025-01-07 15:40:00', 'it0004', 1, 149, 240);

INSERT INTO orders (row_id, order_id, created_at, item_id, quantity, cust_id, add_id) VALUES
(421, 'ORD0150', '2025-01-08 12:30:00', 'it0004', 2, 150, 241),
(422, 'ORD0150', '2025-01-08 12:30:00', 'it0005', 3, 150, 241),
(423, 'ORD0151', '2025-01-09 14:00:00', 'it0001', 1, 151, 242),
(424, 'ORD0151', '2025-01-09 14:00:00', 'it0010', 2, 151, 242),
(425, 'ORD0152', '2025-01-10 16:00:00', 'it0007', 1, 152, 243),
(426, 'ORD0152', '2025-01-10 16:00:00', 'it0009', 3, 152, 243),
(427, 'ORD0152', '2025-01-10 16:00:00', 'it0011', 2, 152, 243),
(428, 'ORD0153', '2025-01-11 17:30:00', 'it0004', 2, 153, 244),
(429, 'ORD0153', '2025-01-11 17:30:00', 'it0012', 1, 153, 244),
(430, 'ORD0153', '2025-01-11 17:30:00', 'it0007', 3, 153, 244),
(431, 'ORD0154', '2025-01-12 14:40:00', 'it0006', 3, 154, 245),
(432, 'ORD0154', '2025-01-12 14:40:00', 'it0009', 2, 154, 245),
(433, 'ORD0154', '2025-01-12 14:40:00', 'it0002', 1, 154, 245),
(434, 'ORD0155', '2025-01-13 12:30:00', 'it0007', 1, 155, 246),
(435, 'ORD0155', '2025-01-13 12:30:00', 'it0001', 3, 155, 246),
(436, 'ORD0156', '2025-01-14 14:10:00', 'it0006', 2, 156, 247),
(437, 'ORD0156', '2025-01-14 14:10:00', 'it0010', 3, 156, 247),
(438, 'ORD0156', '2025-01-14 14:10:00', 'it0004', 1, 156, 247),
(439, 'ORD0157', '2025-01-15 13:50:00', 'it0002', 3, 157, 248),
(440, 'ORD0157', '2025-01-15 13:50:00', 'it0007', 1, 157, 248),
(441, 'ORD0158', '2025-01-16 17:00:00', 'it0009', 2, 158, 249),
(442, 'ORD0158', '2025-01-16 17:00:00', 'it0012', 3, 158, 249),
(443, 'ORD0159', '2025-01-17 12:30:00', 'it0001', 2, 159, 250),
(444, 'ORD0159', '2025-01-17 12:30:00', 'it0005', 1, 159, 250),
(445, 'ORD0160', '2025-01-18 14:30:00', 'it0004', 2, 160, 251),
(446, 'ORD0160', '2025-01-18 14:30:00', 'it0009', 3, 160, 251),
(447, 'ORD0160', '2025-01-18 14:30:00', 'it0007', 1, 160, 251),
(448, 'ORD0161', '2025-01-19 16:20:00', 'it0012', 2, 161, 252),
(449, 'ORD0161', '2025-01-19 16:20:00', 'it0003', 1, 161, 252),
(450, 'ORD0161', '2025-01-19 16:20:00', 'it0002', 3, 161, 252),
(451, 'ORD0162', '2025-01-20 11:30:00', 'it0006', 3, 162, 253),
(452, 'ORD0162', '2025-01-20 11:30:00', 'it0007', 2, 162, 253),
(453, 'ORD0162', '2025-01-20 11:30:00', 'it0009', 1, 162, 253),
(454, 'ORD0163', '2025-01-21 14:10:00', 'it0005', 1, 163, 254),
(455, 'ORD0163', '2025-01-21 14:10:00', 'it0001', 3, 163, 254),
(456, 'ORD0164', '2025-01-22 16:00:00', 'it0002', 2, 164, 255),
(457, 'ORD0164', '2025-01-22 16:00:00', 'it0006', 3, 164, 255),
(458, 'ORD0164', '2025-01-22 16:00:00', 'it0009', 1, 164, 255),
(459, 'ORD0165', '2025-01-23 12:40:00', 'it0007', 1, 165, 256),
(460, 'ORD0165', '2025-01-23 12:40:00', 'it0004', 2, 165, 256),
(461, 'ORD0166', '2025-01-24 14:30:00', 'it0010', 3, 166, 257),
(462, 'ORD0166', '2025-01-24 14:30:00', 'it0002', 1, 166, 257),
(463, 'ORD0167', '2025-01-25 15:00:00', 'it0003', 1, 167, 258),
(464, 'ORD0167', '2025-01-25 15:00:00', 'it0011', 2, 167, 258),
(465, 'ORD0168', '2025-01-26 12:30:00', 'it0004', 3, 168, 259),
(466, 'ORD0168', '2025-01-26 12:30:00', 'it0009', 1, 168, 259),
(467, 'ORD0168', '2025-01-26 12:30:00', 'it0001', 2, 168, 259),
(468, 'ORD0169', '2025-01-27 14:10:00', 'it0002', 3, 169, 260),
(469, 'ORD0169', '2025-01-27 14:10:00', 'it0011', 2, 169, 260),
(470, 'ORD0170', '2025-01-28 16:00:00', 'it0006', 2, 170, 261),
(471, 'ORD0170', '2025-01-28 16:00:00', 'it0001', 1, 170, 261),
(472, 'ORD0171', '2025-01-29 13:30:00', 'it0009', 2, 171, 262),
(473, 'ORD0171', '2025-01-29 13:30:00', 'it0005', 1, 171, 262),
(474, 'ORD0172', '2025-01-30 14:40:00', 'it0001', 1, 172, 263),
(475, 'ORD0172', '2025-01-30 14:40:00', 'it0007', 3, 172, 263),
(476, 'ORD0173', '2025-02-01 16:30:00', 'it0002', 2, 173, 264),
(477, 'ORD0173', '2025-02-01 16:30:00', 'it0010', 1, 173, 264),
(478, 'ORD0174', '2025-02-02 13:40:00', 'it0009', 3, 174, 265),
(479, 'ORD0174', '2025-02-02 13:40:00', 'it0005', 2, 174, 265),
(480, 'ORD0175', '2025-02-03 14:20:00', 'it0011', 1, 175, 266),
(481, 'ORD0175', '2025-02-03 14:20:00', 'it0004', 2, 175, 266),
(482, 'ORD0176', '2025-02-04 12:50:00', 'it0002', 3, 176, 261),
(483, 'ORD0176', '2025-02-04 12:50:00', 'it0005', 1, 176, 261),
(484, 'ORD0177', '2025-02-05 15:00:00', 'it0007', 2, 177, 260),
(485, 'ORD0177', '2025-02-05 15:00:00', 'it0006', 1, 177, 260),
(486, 'ORD0178', '2025-02-06 16:30:00', 'it0004', 1, 178, 259),
(487, 'ORD0178', '2025-02-06 16:30:00', 'it0012', 3, 178, 259),
(488, 'ORD0179', '2025-02-07 13:00:00', 'it0003', 2, 179, 258),
(489, 'ORD0179', '2025-02-07 13:00:00', 'it0007', 1, 179, 258),
(490, 'ORD0180', '2025-02-08 14:40:00', 'it0002', 3, 180, 257),
(491, 'ORD0180', '2025-02-08 14:40:00', 'it0001', 1, 180, 257),
(492, 'ORD0181', '2025-02-09 12:30:00', 'it0012', 1, 181, 256),
(493, 'ORD0181', '2025-02-09 12:30:00', 'it0006', 2, 181, 256),
(494, 'ORD0182', '2025-02-10 13:10:00', 'it0007', 3, 182, 255),
(495, 'ORD0182', '2025-02-10 13:10:00', 'it0004', 1, 182, 255),
(496, 'ORD0183', '2025-02-11 14:30:00', 'it0011', 1, 183, 254),
(497, 'ORD0183', '2025-02-11 14:30:00', 'it0002', 2, 183, 254),
(498, 'ORD0184', '2025-02-12 15:00:00', 'it0001', 3, 169, 260),
(499, 'ORD0184', '2025-02-12 15:00:00', 'it0009', 1, 169, 260),
(500, 'ORD0185', '2025-02-13 16:40:00', 'it0004', 1, 170, 261),
(501, 'ORD0185', '2025-02-13 16:40:00', 'it0002', 2, 170, 261),
(502, 'ORD0186', '2025-02-14 12:20:00', 'it0010', 3, 171, 262),
(503, 'ORD0186', '2025-02-14 12:20:00', 'it0007', 1, 171, 262),
(504, 'ORD0187', '2025-02-15 14:50:00', 'it0005', 2, 172, 263),
(505, 'ORD0187', '2025-02-15 14:50:00', 'it0011', 1, 172, 263),
(506, 'ORD0188', '2025-02-16 16:10:00', 'it0003', 1, 173, 264),
(507, 'ORD0188', '2025-02-16 16:10:00', 'it0004', 2, 173, 264),
(508, 'ORD0189', '2025-02-17 13:00:00', 'it0009', 3, 174, 265),
(509, 'ORD0189', '2025-02-17 13:00:00', 'it0012', 1, 174, 265),
(510, 'ORD0190', '2025-02-18 15:30:00', 'it0011', 2, 175, 266),
(511, 'ORD0190', '2025-02-18 15:30:00', 'it0005', 1, 175, 266),
(512, 'ORD0191', '2025-02-19 16:00:00', 'it0001', 2, 176, 259),
(513, 'ORD0191', '2025-02-19 16:00:00', 'it0002', 3, 176, 259),
(514, 'ORD0192', '2025-02-20 14:40:00', 'it0004', 1, 177, 260),
(515, 'ORD0192', '2025-02-20 14:40:00', 'it0009', 2, 177, 260),
(516, 'ORD0193', '2025-02-21 13:30:00', 'it0007', 3, 178, 261),
(517, 'ORD0193', '2025-02-21 13:30:00', 'it0001', 2, 178, 261),
(518, 'ORD0194', '2025-02-22 16:00:00', 'it0010', 2, 179, 262),
(519, 'ORD0194', '2025-02-22 16:00:00', 'it0005', 1, 179, 262),
(520, 'ORD0195', '2025-02-23 13:20:00', 'it0009', 1, 180, 263),
(521, 'ORD0195', '2025-02-23 13:20:00', 'it0004', 2, 180, 263),
(522, 'ORD0196', '2025-02-24 15:30:00', 'it0012', 1, 181, 264),
(523, 'ORD0196', '2025-02-24 15:30:00', 'it0002', 3, 181, 264),
(524, 'ORD0197', '2025-02-25 14:00:00', 'it0001', 1, 182, 265),
(525, 'ORD0197', '2025-02-25 14:00:00', 'it0010', 2, 182, 265),
(526, 'ORD0198', '2025-02-26 16:10:00', 'it0007', 1, 183, 266),
(527, 'ORD0198', '2025-02-26 16:10:00', 'it0003', 2, 183, 266),
(528, 'ORD0199', '2025-02-27 12:40:00', 'it0005', 3, 169, 260),
(529, 'ORD0199', '2025-02-27 12:40:00', 'it0009', 2, 169, 260),
(530, 'ORD0200', '2025-02-28 13:20:00', 'it0002', 1, 170, 261),
(531, 'ORD0200', '2025-02-28 13:20:00', 'it0001', 3, 170, 261),
(532, 'ORD0201', '2025-02-28 16:30:00', 'it0004', 2, 171, 262),
(533, 'ORD0201', '2025-02-28 16:30:00', 'it0012', 1, 171, 262),
(534, 'ORD0202', '2025-02-28 17:00:00', 'it0006', 2, 172, 263),
(535, 'ORD0202', '2025-02-28 17:00:00', 'it0007', 1, 172, 263),
(536, 'ORD0203', '2025-02-28 14:50:00', 'it0009', 3, 173, 264),
(537, 'ORD0203', '2025-02-28 14:50:00', 'it0004', 2, 173, 264),
(538, 'ORD0204', '2025-02-28 13:30:00', 'it0012', 1, 174, 265),
(539, 'ORD0204', '2025-02-28 13:30:00', 'it0001', 2, 174, 265),
(540, 'ORD0205', '2025-02-28 16:10:00', 'it0005', 1, 175, 266),
(541, 'ORD0205', '2025-02-28 16:10:00', 'it0007', 3, 175, 266),
(542, 'ORD0206', '2025-02-28 14:00:00', 'it0002', 2, 176, 259),
(543, 'ORD0206', '2025-02-28 14:00:00', 'it0004', 1, 176, 259),
(544, 'ORD0207', '2025-02-28 16:40:00', 'it0006', 3, 177, 260),
(545, 'ORD0207', '2025-02-28 16:40:00', 'it0003', 2, 177, 260),
(546, 'ORD0208', '2025-02-28 15:10:00', 'it0007', 2, 178, 261),
(547, 'ORD0208', '2025-02-28 15:10:00', 'it0002', 1, 178, 261),
(548, 'ORD0209', '2025-02-28 16:30:00', 'it0001', 2, 179, 262),
(549, 'ORD0209', '2025-02-28 16:30:00', 'it0009', 1, 179, 262),
(550, 'ORD0210', '2025-02-28 13:00:00', 'it0002', 3, 180, 263),
(551, 'ORD0210', '2025-02-28 13:00:00', 'it0005', 1, 180, 263),
(552, 'ORD0211', '2025-02-28 14:00:00', 'it0003', 2, 181, 264),
(553, 'ORD0211', '2025-02-28 14:00:00', 'it0007', 1, 181, 264),
(554, 'ORD0212', '2025-02-28 17:10:00', 'it0011', 1, 182, 265),
(555, 'ORD0212', '2025-02-28 17:10:00', 'it0004', 3, 182, 265),
(556, 'ORD0213', '2025-02-28 13:40:00', 'it0002', 1, 183, 266),
(557, 'ORD0213', '2025-02-28 13:40:00', 'it0009', 2, 183, 266),
(558, 'ORD0214', '2025-02-28 14:30:00', 'it0005', 2, 1, 180),
(559, 'ORD0214', '2025-02-28 14:30:00', 'it0010', 1, 1, 180),
(560, 'ORD0215', '2025-02-28 15:00:00', 'it0009', 1, 2, 181),
(561, 'ORD0215', '2025-02-28 15:00:00', 'it0001', 3, 2, 181),
(562, 'ORD0216', '2025-02-28 16:10:00', 'it0004', 2, 3, 182),
(563, 'ORD0216', '2025-02-28 16:10:00', 'it0007', 1, 3, 182),
(564, 'ORD0217', '2025-02-28 13:20:00', 'it0005', 1, 4, 183),
(565, 'ORD0217', '2025-02-28 13:20:00', 'it0002', 3, 4, 183),
(566, 'ORD0218', '2025-02-28 17:30:00', 'it0012', 2, 5, 184),
(567, 'ORD0218', '2025-02-28 17:30:00', 'it0001', 1, 5, 184),
(568, 'ORD0219', '2025-02-28 14:00:00', 'it0009', 1, 6, 185),
(569, 'ORD0219', '2025-02-28 14:00:00', 'it0010', 2, 6, 185),
(570, 'ORD0220', '2025-02-28 15:20:00', 'it0001', 2, 7, 186),
(571, 'ORD0220', '2025-02-28 15:20:00', 'it0004', 3, 7, 186),
(572, 'ORD0221', '2025-02-28 13:40:00', 'it0011', 1, 8, 187),
(573, 'ORD0221', '2025-02-28 13:40:00', 'it0002', 2, 8, 187),
(574, 'ORD0222', '2025-02-28 16:00:00', 'it0007', 3, 9, 188),
(575, 'ORD0222', '2025-02-28 16:00:00', 'it0005', 2, 9, 188),
(576, 'ORD0223', '2025-02-28 17:40:00', 'it0003', 1, 10, 189),
(577, 'ORD0223', '2025-02-28 17:40:00', 'it0002', 2, 10, 189),
(578, 'ORD0224', '2025-02-28 14:30:00', 'it0010', 3, 11, 190),
(579, 'ORD0224', '2025-02-28 14:30:00', 'it0009', 1, 11, 190),
(580, 'ORD0225', '2025-02-28 15:40:00', 'it0004', 2, 12, 191),
(581, 'ORD0225', '2025-02-28 15:40:00', 'it0012', 3, 12, 191),
(582, 'ORD0226', '2025-02-28 16:50:00', 'it0002', 2, 13, 192),
(583, 'ORD0226', '2025-02-28 16:50:00', 'it0005', 1, 13, 192),
(584, 'ORD0227', '2025-02-28 13:00:00', 'it0001', 3, 14, 193),
(585, 'ORD0227', '2025-02-28 13:00:00', 'it0007', 2, 14, 193),
(586, 'ORD0228', '2025-02-28 14:10:00', 'it0003', 2, 15, 194),
(587, 'ORD0228', '2025-02-28 14:10:00', 'it0009', 1, 15, 194),
(588, 'ORD0229', '2025-02-28 17:10:00', 'it0002', 3, 16, 195),
(589, 'ORD0229', '2025-02-28 17:10:00', 'it0001', 1, 16, 195),
(590, 'ORD0230', '2025-02-28 13:50:00', 'it0007', 2, 17, 196),
(591, 'ORD0230', '2025-02-28 13:50:00', 'it0006', 1, 17, 196),
(592, 'ORD0231', '2025-02-28 16:00:00', 'it0005', 1, 18, 197),
(593, 'ORD0231', '2025-02-28 16:00:00', 'it0007', 2, 18, 197),
(594, 'ORD0232', '2025-02-28 15:30:00', 'it0009', 3, 19, 198),
(595, 'ORD0232', '2025-02-28 15:30:00', 'it0004', 1, 19, 198),
(596, 'ORD0233', '2025-02-28 17:00:00', 'it0012', 2, 20, 199),
(597, 'ORD0233', '2025-02-28 17:00:00', 'it0002', 1, 20, 199);


INSERT INTO orders (row_id, order_id, created_at, item_id, quantity, cust_id, add_id) VALUES
(598, 'ORD0234', '2025-02-28 13:30:00', 'it0011', 2, 1, 182),
(599, 'ORD0234', '2025-02-28 13:30:00', 'it0004', 1, 1, 182),
(600, 'ORD0235', '2025-02-28 16:20:00', 'it0006', 2, 2, 183),
(601, 'ORD0235', '2025-02-28 16:20:00', 'it0012', 3, 2, 183),
(602, 'ORD0236', '2025-02-28 17:00:00', 'it0007', 2, 3, 184),
(603, 'ORD0236', '2025-02-28 17:00:00', 'it0011', 1, 3, 184),
(604, 'ORD0237', '2025-02-28 14:50:00', 'it0003', 1, 4, 185),
(605, 'ORD0237', '2025-02-28 14:50:00', 'it0005', 2, 4, 185),
(606, 'ORD0238', '2025-02-28 15:40:00', 'it0006', 3, 5, 186),
(607, 'ORD0238', '2025-02-28 15:40:00', 'it0009', 1, 5, 186),
(608, 'ORD0239', '2025-02-28 16:30:00', 'it0004', 1, 6, 187),
(609, 'ORD0239', '2025-02-28 16:30:00', 'it0001', 2, 6, 187),
(610, 'ORD0240', '2025-02-28 13:10:00', 'it0005', 1, 7, 188),
(611, 'ORD0240', '2025-02-28 13:10:00', 'it0010', 2, 7, 188),
(612, 'ORD0241', '2025-02-28 14:00:00', 'it0012', 3, 8, 189),
(613, 'ORD0241', '2025-02-28 14:00:00', 'it0003', 1, 8, 189),
(614, 'ORD0242', '2025-02-28 15:10:00', 'it0007', 1, 9, 190),
(615, 'ORD0242', '2025-02-28 15:10:00', 'it0009', 2, 9, 190),
(616, 'ORD0243', '2025-02-28 16:20:00', 'it0005', 2, 10, 191),
(617, 'ORD0243', '2025-02-28 16:20:00', 'it0006', 1, 10, 191),
(618, 'ORD0244', '2025-02-28 14:30:00', 'it0001', 1, 11, 192),
(619, 'ORD0244', '2025-02-28 14:30:00', 'it0004', 2, 11, 192),
(620, 'ORD0245', '2025-02-28 13:50:00', 'it0012', 2, 12, 193),
(621, 'ORD0245', '2025-02-28 13:50:00', 'it0003', 1, 12, 193),
(622, 'ORD0246', '2025-02-28 16:00:00', 'it0005', 1, 13, 194),
(623, 'ORD0246', '2025-02-28 16:00:00', 'it0007', 3, 13, 194),
(624, 'ORD0247', '2025-02-28 17:30:00', 'it0011', 2, 14, 195),
(625, 'ORD0247', '2025-02-28 17:30:00', 'it0004', 1, 14, 195),
(626, 'ORD0248', '2025-02-28 15:00:00', 'it0009', 1, 15, 196),
(627, 'ORD0248', '2025-02-28 15:00:00', 'it0012', 3, 15, 196),
(628, 'ORD0249', '2025-02-28 13:30:00', 'it0003', 2, 16, 197),
(629, 'ORD0249', '2025-02-28 13:30:00', 'it0005', 1, 16, 197),
(630, 'ORD0250', '2025-02-28 14:10:00', 'it0006', 2, 17, 198),
(631, 'ORD0250', '2025-02-28 14:10:00', 'it0001', 3, 17, 198),
(632, 'ORD0251', '2025-02-28 16:40:00', 'it0007', 1, 18, 199),
(633, 'ORD0251', '2025-02-28 16:40:00', 'it0010', 2, 18, 199),
(634, 'ORD0252', '2025-02-28 17:10:00', 'it0005', 1, 19, 200),
(635, 'ORD0252', '2025-02-28 17:10:00', 'it0011', 2, 19, 200),
(636, 'ORD0253', '2025-02-28 15:40:00', 'it0006', 3, 20, 201),
(637, 'ORD0253', '2025-02-28 15:40:00', 'it0012', 1, 20, 201),
(638, 'ORD0254', '2025-02-28 14:20:00', 'it0001', 2, 21, 202),
(639, 'ORD0254', '2025-02-28 14:20:00', 'it0011', 1, 21, 202),
(640, 'ORD0255', '2025-02-28 17:20:00', 'it0004', 1, 22, 203),
(641, 'ORD0255', '2025-02-28 17:20:00', 'it0009', 2, 22, 203),
(642, 'ORD0256', '2025-02-28 16:50:00', 'it0007', 1, 23, 204),
(643, 'ORD0256', '2025-02-28 16:50:00', 'it0005', 3, 23, 204),
(644, 'ORD0257', '2025-02-28 14:40:00', 'it0001', 1, 24, 205),
(645, 'ORD0257', '2025-02-28 14:40:00', 'it0003', 2, 24, 205),
(646, 'ORD0258', '2025-02-28 15:00:00', 'it0004', 3, 25, 206),
(647, 'ORD0258', '2025-02-28 15:00:00', 'it0005', 1, 25, 206),
(648, 'ORD0259', '2025-02-28 13:30:00', 'it0010', 2, 26, 207),
(649, 'ORD0259', '2025-02-28 13:30:00', 'it0007', 1, 26, 207),
(650, 'ORD0260', '2025-02-28 17:40:00', 'it0012', 3, 27, 208),
(651, 'ORD0260', '2025-02-28 17:40:00', 'it0009', 2, 27, 208),
(652, 'ORD0261', '2025-02-28 16:00:00', 'it0005', 1, 28, 209),
(653, 'ORD0261', '2025-02-28 16:00:00', 'it0011', 3, 28, 209),
(654, 'ORD0262', '2025-02-28 13:00:00', 'it0007', 2, 29, 210),
(655, 'ORD0262', '2025-02-28 13:00:00', 'it0010', 1, 29, 210),
(656, 'ORD0263', '2025-02-28 14:10:00', 'it0001', 2, 30, 211),
(657, 'ORD0263', '2025-02-28 14:10:00', 'it0006', 3, 30, 211),
(658, 'ORD0264', '2025-02-28 17:30:00', 'it0004', 1, 31, 212),
(659, 'ORD0264', '2025-02-28 17:30:00', 'it0012', 2, 31, 212),
(660, 'ORD0265', '2025-02-28 16:30:00', 'it0009', 3, 32, 213),
(661, 'ORD0265', '2025-02-28 16:30:00', 'it0005', 1, 32, 213),
(662, 'ORD0266', '2025-02-28 13:40:00', 'it0001', 3, 33, 214),
(663, 'ORD0266', '2025-02-28 13:40:00', 'it0011', 1, 33, 214),
(664, 'ORD0267', '2025-02-28 14:20:00', 'it0007', 2, 34, 215),
(665, 'ORD0267', '2025-02-28 14:20:00', 'it0003', 1, 34, 215),
(666, 'ORD0268', '2025-02-28 15:10:00', 'it0005', 1, 35, 216),
(667, 'ORD0268', '2025-02-28 15:10:00', 'it0012', 3, 35, 216),
(668, 'ORD0269', '2025-02-28 16:10:00', 'it0006', 2, 36, 217),
(669, 'ORD0269', '2025-02-28 16:10:00', 'it0007', 1, 36, 217),
(670, 'ORD0270', '2025-02-28 13:50:00', 'it0009', 1, 37, 218),
(671, 'ORD0270', '2025-02-28 13:50:00', 'it0012', 2, 37, 218),
(672, 'ORD0271', '2025-02-28 14:30:00', 'it0004', 1, 38, 219),
(673, 'ORD0271', '2025-02-28 14:30:00', 'it0001', 3, 38, 219),
(674, 'ORD0272', '2025-02-28 15:20:00', 'it0010', 2, 39, 220),
(675, 'ORD0272', '2025-02-28 15:20:00', 'it0007', 1, 39, 220),
(676, 'ORD0273', '2025-02-28 13:10:00', 'it0003', 2, 40, 221),
(677, 'ORD0273', '2025-02-28 13:10:00', 'it0005', 1, 40, 221),
(678, 'ORD0274', '2025-02-28 16:40:00', 'it0007', 1, 41, 222),
(679, 'ORD0274', '2025-02-28 16:40:00', 'it0005', 2, 41, 222),
(680, 'ORD0275', '2025-02-28 17:50:00', 'it0009', 3, 42, 223),
(681, 'ORD0275', '2025-02-28 17:50:00', 'it0010', 1, 42, 223),
(682, 'ORD0276', '2025-02-28 14:40:00', 'it0001', 2, 43, 224),
(683, 'ORD0276', '2025-02-28 14:40:00', 'it0012', 1, 43, 224),
(684, 'ORD0277', '2025-02-28 15:30:00', 'it0006', 3, 44, 225),
(685, 'ORD0277', '2025-02-28 15:30:00', 'it0010', 1, 44, 225),
(686, 'ORD0278', '2025-02-28 16:00:00', 'it0009', 2, 45, 226),
(687, 'ORD0278', '2025-02-28 16:00:00', 'it0003', 1, 45, 226),
(688, 'ORD0279', '2025-02-28 13:00:00', 'it0005', 2, 46, 227),
(689, 'ORD0279', '2025-02-28 13:00:00', 'it0011', 1, 46, 227),
(690, 'ORD0280', '2025-02-28 17:10:00', 'it0004', 1, 47, 228),
(691, 'ORD0280', '2025-02-28 17:10:00', 'it0007', 2, 47, 228),
(692, 'ORD0281', '2025-02-28 14:50:00', 'it0001', 3, 48, 229),
(693, 'ORD0281', '2025-02-28 14:50:00', 'it0006', 1, 48, 229),
(694, 'ORD0282', '2025-02-28 15:40:00', 'it0010', 2, 49, 230),
(695, 'ORD0282', '2025-02-28 15:40:00', 'it0009', 1, 49, 230),
(696, 'ORD0283', '2025-02-28 13:20:00', 'it0005', 3, 50, 231),
(697, 'ORD0283', '2025-02-28 13:20:00', 'it0004', 1, 50, 231),
(698, 'ORD0284', '2025-02-28 16:30:00', 'it0012', 2, 51, 232),
(699, 'ORD0284', '2025-02-28 16:30:00', 'it0006', 1, 51, 232),
(700, 'ORD0285', '2025-02-28 17:00:00', 'it0007', 1, 52, 233),
(701, 'ORD0285', '2025-02-28 17:00:00', 'it0011', 2, 52, 233),
(702, 'ORD0286', '2025-02-28 14:00:00', 'it0003', 2, 53, 234),
(703, 'ORD0286', '2025-02-28 14:00:00', 'it0001', 1, 53, 234),
(704, 'ORD0287', '2025-02-28 15:10:00', 'it0006', 2, 54, 235),
(705, 'ORD0287', '2025-02-28 15:10:00', 'it0012', 1, 54, 235),
(706, 'ORD0288', '2025-02-28 13:40:00', 'it0009', 3, 55, 236),
(707, 'ORD0288', '2025-02-28 13:40:00', 'it0007', 1, 55, 236),
(708, 'ORD0289', '2025-02-28 17:30:00', 'it0001', 1, 56, 237),
(709, 'ORD0289', '2025-02-28 17:30:00', 'it0004', 2, 56, 237),
(710, 'ORD0290', '2025-02-28 16:20:00', 'it0003', 1, 57, 238),
(711, 'ORD0290', '2025-02-28 16:20:00', 'it0010', 3, 57, 238),
(712, 'ORD0291', '2025-02-28 15:50:00', 'it0005', 2, 58, 239),
(713, 'ORD0291', '2025-02-28 15:50:00', 'it0012', 1, 58, 239),
(714, 'ORD0292', '2025-02-28 14:30:00', 'it0007', 1, 59, 240),
(715, 'ORD0292', '2025-02-28 14:30:00', 'it0005', 2, 59, 240),
(716, 'ORD0293', '2025-02-28 13:50:00', 'it0009', 3, 60, 241),
(717, 'ORD0293', '2025-02-28 13:50:00', 'it0011', 1, 60, 241);

DELETE FROM orders WHERE row_id BETWEEN 598 AND 717;

-- Добавление исправленных строк для заказов с row_id от 598 до 717
INSERT INTO orders (row_id, order_id, created_at, item_id, quantity, cust_id, add_id) VALUES
(598, 'ORD0234', '2025-02-25 13:30:00', 'it0006', 1, 1, 181),
(599, 'ORD0234', '2025-02-25 13:30:00', 'it0004', 2, 1, 181),
(600, 'ORD0235', '2025-02-24 14:00:00', 'it0012', 3, 2, 182),
(601, 'ORD0235', '2025-02-24 14:00:00', 'it0002', 1, 2, 182),
(602, 'ORD0236', '2025-02-23 11:15:00', 'it0005', 2, 3, 183),
(603, 'ORD0236', '2025-02-23 11:15:00', 'it0007', 1, 3, 183),
(604, 'ORD0237', '2025-02-22 16:20:00', 'it0009', 3, 4, 184),
(605, 'ORD0237', '2025-02-22 16:20:00', 'it0006', 1, 4, 184),
(606, 'ORD0238', '2025-02-20 09:10:00', 'it0001', 1, 5, 185),
(607, 'ORD0238', '2025-02-20 09:10:00', 'it0004', 2, 5, 185),
(608, 'ORD0239', '2025-02-21 13:30:00', 'it0005', 1, 6, 186),
(609, 'ORD0239', '2025-02-21 13:30:00', 'it0011', 2, 6, 186),
(610, 'ORD0240', '2025-02-18 09:10:00', 'it0007', 3, 7, 187),
(611, 'ORD0240', '2025-02-18 09:10:00', 'it0004', 2, 7, 187),
(612, 'ORD0241', '2025-02-19 11:25:00', 'it0012', 1, 8, 188),
(613, 'ORD0241', '2025-02-19 11:25:00', 'it0006', 3, 8, 188),
(614, 'ORD0242', '2025-02-17 14:15:00', 'it0001', 2, 9, 189),
(615, 'ORD0242', '2025-02-17 14:15:00', 'it0009', 1, 9, 189),
(616, 'ORD0243', '2025-02-16 17:00:00', 'it0007', 2, 10, 190),
(617, 'ORD0243', '2025-02-16 17:00:00', 'it0011', 3, 10, 190),
(618, 'ORD0244', '2025-02-15 16:30:00', 'it0003', 1, 11, 191),
(619, 'ORD0244', '2025-02-15 16:30:00', 'it0002', 2, 11, 191),
(620, 'ORD0245', '2025-02-14 15:10:00', 'it0004', 3, 12, 192),
(621, 'ORD0245', '2025-02-14 15:10:00', 'it0005', 1, 12, 192),
(622, 'ORD0246', '2025-02-13 14:25:00', 'it0001', 2, 13, 193),
(623, 'ORD0246', '2025-02-13 14:25:00', 'it0010', 3, 13, 193),
(624, 'ORD0247', '2025-02-12 11:30:00', 'it0007', 2, 14, 194),
(625, 'ORD0247', '2025-02-12 11:30:00', 'it0006', 1, 14, 194),
(626, 'ORD0248', '2025-02-11 13:45:00', 'it0002', 3, 15, 195),
(627, 'ORD0248', '2025-02-11 13:45:00', 'it0011', 2, 15, 195),
(628, 'ORD0249', '2025-02-10 12:30:00', 'it0004', 1, 16, 196),
(629, 'ORD0249', '2025-02-10 12:30:00', 'it0007', 2, 16, 196),
(630, 'ORD0250', '2025-02-09 17:15:00', 'it0012', 1, 17, 197),
(631, 'ORD0250', '2025-02-09 17:15:00', 'it0005', 3, 17, 197),
(632, 'ORD0251', '2025-02-08 13:20:00', 'it0006', 1, 18, 198),
(633, 'ORD0251', '2025-02-08 13:20:00', 'it0003', 2, 18, 198),
(634, 'ORD0252', '2025-02-07 10:50:00', 'it0011', 1, 19, 199),
(635, 'ORD0252', '2025-02-07 10:50:00', 'it0001', 2, 19, 199),
(636, 'ORD0253', '2025-02-06 14:50:00', 'it0002', 3, 20, 200),
(637, 'ORD0253', '2025-02-06 14:50:00', 'it0004', 1, 20, 200),
(638, 'ORD0254', '2025-02-05 16:20:00', 'it0007', 2, 21, 201),
(639, 'ORD0254', '2025-02-05 16:20:00', 'it0001', 1, 21, 201),
(640, 'ORD0255', '2025-02-04 17:30:00', 'it0009', 3, 22, 202),
(641, 'ORD0255', '2025-02-04 17:30:00', 'it0004', 1, 22, 202),
(642, 'ORD0256', '2025-02-03 14:10:00', 'it0006', 2, 23, 203),
(643, 'ORD0256', '2025-02-03 14:10:00', 'it0002', 1, 23, 203),
(644, 'ORD0257', '2025-02-02 11:45:00', 'it0003', 2, 24, 204),
(645, 'ORD0257', '2025-02-02 11:45:00', 'it0008', 3, 24, 204),
(646, 'ORD0258', '2025-02-01 13:25:00', 'it0005', 1, 25, 205),
(647, 'ORD0258', '2025-02-01 13:25:00', 'it0012', 2, 25, 205),
(648, 'ORD0259', '2025-01-31 14:00:00', 'it0007', 1, 26, 206),
(649, 'ORD0259', '2025-01-31 14:00:00', 'it0006', 2, 26, 206),
(650, 'ORD0260', '2025-01-30 13:30:00', 'it0001', 3, 27, 207),
(651, 'ORD0260', '2025-01-30 13:30:00', 'it0009', 2, 27, 207),
(652, 'ORD0261', '2025-01-29 11:40:00', 'it0012', 1, 28, 208),
(653, 'ORD0261', '2025-01-29 11:40:00', 'it0005', 3, 28, 208),
(654, 'ORD0262', '2025-01-28 16:00:00', 'it0007', 2, 29, 209),
(655, 'ORD0262', '2025-01-28 16:00:00', 'it0004', 1, 29, 209),
(656, 'ORD0263', '2025-01-27 14:45:00', 'it0002', 3, 30, 210),
(657, 'ORD0263', '2025-01-27 14:45:00', 'it0001', 2, 30, 210),
(658, 'ORD0264', '2025-01-26 12:30:00', 'it0009', 1, 31, 211),
(659, 'ORD0264', '2025-01-26 12:30:00', 'it0006', 3, 31, 211),
(660, 'ORD0265', '2025-01-25 15:15:00', 'it0003', 2, 32, 212),
(661, 'ORD0265', '2025-01-25 15:15:00', 'it0012', 1, 32, 212),
(662, 'ORD0266', '2025-01-24 16:10:00', 'it0005', 3, 33, 213),
(663, 'ORD0266', '2025-01-24 16:10:00', 'it0007', 2, 33, 213),
(664, 'ORD0267', '2025-01-23 14:20:00', 'it0001', 1, 34, 214),
(665, 'ORD0267', '2025-01-23 14:20:00', 'it0004', 2, 34, 214),
(666, 'ORD0268', '2025-01-22 13:30:00', 'it0011', 1, 35, 215),
(667, 'ORD0268', '2025-01-22 13:30:00', 'it0002', 3, 35, 215),
(668, 'ORD0269', '2025-01-21 15:10:00', 'it0007', 2, 36, 216),
(669, 'ORD0269', '2025-01-21 15:10:00', 'it0006', 1, 36, 216),
(670, 'ORD0270', '2025-01-20 14:00:00', 'it0003', 2, 37, 217),
(671, 'ORD0270', '2025-01-20 14:00:00', 'it0009', 3, 37, 217),
(672, 'ORD0271', '2025-01-19 13:20:00', 'it0005', 1, 38, 218),
(673, 'ORD0271', '2025-01-19 13:20:00', 'it0012', 2, 38, 218),
(674, 'ORD0272', '2025-01-18 15:50:00', 'it0002', 3, 39, 219),
(675, 'ORD0272', '2025-01-18 15:50:00', 'it0004', 1, 39, 219),
(676, 'ORD0273', '2025-01-17 16:30:00', 'it0009', 2, 40, 220),
(677, 'ORD0273', '2025-01-17 16:30:00', 'it0005', 3, 40, 220),
(678, 'ORD0274', '2025-01-16 14:50:00', 'it0006', 1, 41, 221),
(679, 'ORD0274', '2025-01-16 14:50:00', 'it0001', 2, 41, 221),
(680, 'ORD0275', '2025-01-15 13:40:00', 'it0004', 3, 42, 222),
(681, 'ORD0275', '2025-01-15 13:40:00', 'it0007', 1, 42, 222),
(682, 'ORD0276', '2025-01-14 14:25:00', 'it0005', 2, 43, 223),
(683, 'ORD0276', '2025-01-14 14:25:00', 'it0003', 1, 43, 223),
(684, 'ORD0277', '2025-01-13 16:10:00', 'it0007', 1, 44, 224),
(685, 'ORD0277', '2025-01-13 16:10:00', 'it0006', 3, 44, 224),
(686, 'ORD0278', '2025-01-12 13:30:00', 'it0011', 2, 45, 225),
(687, 'ORD0278', '2025-01-12 13:30:00', 'it0009', 1, 45, 225),
(688, 'ORD0279', '2025-01-11 18:45:00', 'it0002', 3, 46, 226),
(689, 'ORD0279', '2025-01-11 18:45:00', 'it0004', 2, 46, 226),
(690, 'ORD0280', '2025-01-10 19:20:00', 'it0007', 1, 47, 227),
(691, 'ORD0280', '2025-01-10 19:20:00', 'it0011', 2, 47, 227),
(692, 'ORD0281', '2025-01-09 21:30:00', 'it0009', 3, 48, 228),
(693, 'ORD0281', '2025-01-09 21:30:00', 'it0001', 2, 48, 228),
(694, 'ORD0282', '2025-01-08 18:40:00', 'it0005', 1, 49, 229),
(695, 'ORD0282', '2025-01-08 18:40:00', 'it0006', 2, 49, 229),
(696, 'ORD0283', '2025-01-07 22:10:00', 'it0012', 3, 50, 230),
(697, 'ORD0283', '2025-01-07 22:10:00', 'it0008', 1, 50, 230),
(698, 'ORD0284', '2025-01-06 14:30:00', 'it0003', 2, 51, 231),
(699, 'ORD0284', '2025-01-06 14:30:00', 'it0009', 1, 51, 231),
(700, 'ORD0285', '2025-01-05 19:15:00', 'it0002', 2, 52, 232),
(701, 'ORD0285', '2025-01-05 19:15:00', 'it0007', 3, 52, 232),
(702, 'ORD0286', '2025-01-04 21:00:00', 'it0005', 3, 53, 233),
(703, 'ORD0286', '2025-01-04 21:00:00', 'it0001', 2, 53, 233),
(704, 'ORD0287', '2025-01-03 20:00:00', 'it0009', 1, 54, 234),
(705, 'ORD0287', '2025-01-03 20:00:00', 'it0003', 2, 54, 234),
(706, 'ORD0288', '2025-01-02 18:30:00', 'it0008', 1, 55, 235),
(707, 'ORD0288', '2025-01-02 18:30:00', 'it0006', 3, 55, 235),
(708, 'ORD0289', '2025-01-01 20:45:00', 'it0001', 2, 56, 236),
(709, 'ORD0289', '2025-01-01 20:45:00', 'it0004', 1, 56, 236),
(710, 'ORD0290', '2025-01-03 19:40:00', 'it0007', 2, 57, 237),
(711, 'ORD0290', '2025-01-03 19:40:00', 'it0011', 3, 57, 237),
(712, 'ORD0291', '2025-01-04 20:30:00', 'it0005', 2, 58, 238),
(713, 'ORD0291', '2025-01-04 20:30:00', 'it0009', 1, 58, 238),
(714, 'ORD0292', '2025-01-05 17:20:00', 'it0002', 3, 59, 239),
(715, 'ORD0292', '2025-01-05 17:20:00', 'it0006', 1, 59, 239),
(716, 'ORD0293', '2025-01-06 20:10:00', 'it0004', 1, 60, 240),
(717, 'ORD0293', '2025-01-06 20:10:00', 'it0012', 2, 60, 240),
(718, 'ORD0294', '2025-01-07 21:40:00', 'it0008', 2, 61, 241),
(719, 'ORD0294', '2025-01-07 21:40:00', 'it0007', 3, 61, 241),
(720, 'ORD0295', '2025-01-08 19:30:00', 'it0005', 1, 62, 242),
(721, 'ORD0295', '2025-01-08 19:30:00', 'it0001', 2, 62, 242),
(722, 'ORD0296', '2025-01-09 17:10:00', 'it0003', 2, 63, 243),
(723, 'ORD0296', '2025-01-09 17:10:00', 'it0012', 3, 63, 243),
(724, 'ORD0297', '2025-01-10 21:00:00', 'it0007', 1, 64, 244),
(725, 'ORD0297', '2025-01-10 21:00:00', 'it0005', 2, 64, 244),
(726, 'ORD0298', '2025-01-11 16:45:00', 'it0009', 2, 65, 245),
(727, 'ORD0298', '2025-01-11 16:45:00', 'it0002', 3, 65, 245),
(728, 'ORD0299', '2025-01-12 19:10:00', 'it0003', 1, 66, 246),
(729, 'ORD0299', '2025-01-12 19:10:00', 'it0011', 2, 66, 246);

-- Продолжаем с row_id 730
INSERT INTO orders (row_id, order_id, created_at, item_id, quantity, cust_id, add_id) VALUES
(730, 'ORD0300', '2025-01-13 19:00:00', 'it0005', 2, 67, 115),
(731, 'ORD0300', '2025-01-13 19:00:00', 'it0008', 1, 67, 115),
(732, 'ORD0301', '2025-01-14 18:30:00', 'it0002', 3, 68, 138),
(733, 'ORD0301', '2025-01-14 18:30:00', 'it0012', 1, 68, 138),
(734, 'ORD0302', '2025-01-15 20:10:00', 'it0001', 1, 69, 161),
(735, 'ORD0302', '2025-01-15 20:10:00', 'it0007', 2, 69, 161),
(736, 'ORD0303', '2025-01-16 19:50:00', 'it0003', 3, 70, 169),
(737, 'ORD0303', '2025-01-16 19:50:00', 'it0005', 2, 70, 169),
(738, 'ORD0304', '2025-01-17 20:30:00', 'it0009', 2, 71, 175),
(739, 'ORD0304', '2025-01-17 20:30:00', 'it0004', 1, 71, 175),
(740, 'ORD0305', '2025-01-18 18:00:00', 'it0011', 2, 72, 132),
(741, 'ORD0305', '2025-01-18 18:00:00', 'it0006', 3, 72, 132),
(742, 'ORD0306', '2025-01-19 19:10:00', 'it0007', 2, 73, 158),
(743, 'ORD0306', '2025-01-19 19:10:00', 'it0002', 1, 73, 158),
(744, 'ORD0307', '2025-01-20 17:40:00', 'it0012', 2, 74, 146),
(745, 'ORD0307', '2025-01-20 17:40:00', 'it0005', 1, 74, 146),
(746, 'ORD0308', '2025-01-21 19:30:00', 'it0004', 1, 75, 152),
(747, 'ORD0308', '2025-01-21 19:30:00', 'it0008', 3, 75, 152),
(748, 'ORD0309', '2025-01-22 20:00:00', 'it0011', 1, 76, 118),
(749, 'ORD0309', '2025-01-22 20:00:00', 'it0006', 2, 76, 118),
(750, 'ORD0310', '2025-01-23 21:15:00', 'it0007', 1, 77, 172),
(751, 'ORD0310', '2025-01-23 21:15:00', 'it0012', 2, 77, 172),
(752, 'ORD0311', '2025-01-24 18:50:00', 'it0005', 2, 78, 126),
(753, 'ORD0311', '2025-01-24 18:50:00', 'it0001', 3, 78, 126),
(754, 'ORD0312', '2025-01-25 19:20:00', 'it0002', 1, 79, 178),
(755, 'ORD0312', '2025-01-25 19:20:00', 'it0009', 2, 79, 178),
(756, 'ORD0313', '2025-01-26 20:10:00', 'it0008', 3, 80, 129),
(757, 'ORD0313', '2025-01-26 20:10:00', 'it0003', 1, 80, 129),
(758, 'ORD0314', '2025-01-27 17:30:00', 'it0011', 1, 81, 155),
(759, 'ORD0314', '2025-01-27 17:30:00', 'it0004', 2, 81, 155),
(760, 'ORD0315', '2025-01-28 19:50:00', 'it0006', 2, 82, 135),
(761, 'ORD0315', '2025-01-28 19:50:00', 'it0009', 1, 82, 135),
(762, 'ORD0316', '2025-01-29 21:00:00', 'it0007', 2, 83, 112),
(763, 'ORD0316', '2025-01-29 21:00:00', 'it0005', 1, 83, 112),
(764, 'ORD0317', '2025-01-30 20:40:00', 'it0001', 1, 84, 149),
(765, 'ORD0317', '2025-01-30 20:40:00', 'it0012', 2, 84, 149),
(766, 'ORD0318', '2025-01-31 19:30:00', 'it0002', 1, 85, 144),
(767, 'ORD0318', '2025-01-31 19:30:00', 'it0007', 2, 85, 144),
(768, 'ORD0319', '2025-02-01 18:00:00', 'it0009', 3, 86, 167),
(769, 'ORD0319', '2025-02-01 18:00:00', 'it0011', 1, 86, 167),
(770, 'ORD0320', '2025-02-02 20:10:00', 'it0008', 2, 87, 113),
(771, 'ORD0320', '2025-02-02 20:10:00', 'it0004', 3, 87, 113),
(772, 'ORD0321', '2025-02-03 18:40:00', 'it0012', 2, 88, 121),
(773, 'ORD0321', '2025-02-03 18:40:00', 'it0002', 1, 88, 121),
(774, 'ORD0322', '2025-02-04 19:50:00', 'it0005', 1, 89, 127),
(775, 'ORD0322', '2025-02-04 19:50:00', 'it0003', 2, 89, 127),
(776, 'ORD0323', '2025-02-05 21:00:00', 'it0007', 2, 90, 173),
(777, 'ORD0323', '2025-02-05 21:00:00', 'it0001', 3, 90, 173),
(778, 'ORD0324', '2025-02-06 20:10:00', 'it0009', 1, 91, 156),
(779, 'ORD0324', '2025-02-06 20:10:00', 'it0011', 2, 91, 156),
(780, 'ORD0325', '2025-02-07 19:00:00', 'it0008', 3, 92, 130),
(781, 'ORD0325', '2025-02-07 19:00:00', 'it0006', 2, 92, 130),
(782, 'ORD0326', '2025-02-08 19:30:00', 'it0003', 1, 93, 164),
(783, 'ORD0326', '2025-02-08 19:30:00', 'it0011', 2, 93, 164),
(784, 'ORD0327', '2025-02-09 20:00:00', 'it0007', 2, 94, 176),
(785, 'ORD0327', '2025-02-09 20:00:00', 'it0001', 3, 94, 176),
(786, 'ORD0328', '2025-02-10 18:20:00', 'it0002', 2, 95, 124),
(787, 'ORD0328', '2025-02-10 18:20:00', 'it0009', 1, 95, 124),
(788, 'ORD0329', '2025-02-11 19:10:00', 'it0006', 3, 96, 153),
(789, 'ORD0329', '2025-02-11 19:10:00', 'it0012', 2, 96, 153),
(790, 'ORD0330', '2025-02-12 18:30:00', 'it0004', 1, 97, 110),
(791, 'ORD0330', '2025-02-12 18:30:00', 'it0005', 2, 97, 110),
(792, 'ORD0331', '2025-02-13 20:50:00', 'it0007', 1, 98, 133),
(793, 'ORD0331', '2025-02-13 20:50:00', 'it0009', 2, 98, 133),
(794, 'ORD0332', '2025-02-14 21:10:00', 'it0002', 3, 99, 147),
(795, 'ORD0332', '2025-02-14 21:10:00', 'it0008', 1, 99, 147),
(796, 'ORD0333', '2025-02-15 18:40:00', 'it0003', 2, 100, 139),
(797, 'ORD0333', '2025-02-15 18:40:00', 'it0007', 3, 100, 139),
(798, 'ORD0334', '2025-02-16 19:30:00', 'it0005', 1, 101, 162),
(799, 'ORD0334', '2025-02-16 19:30:00', 'it0011', 2, 101, 162),
(800, 'ORD0335', '2025-02-17 20:00:00', 'it0006', 2, 102, 122),
(801, 'ORD0335', '2025-02-17 20:00:00', 'it0001', 1, 102, 122),
(802, 'ORD0336', '2025-02-18 18:30:00', 'it0009', 3, 103, 128),
(803, 'ORD0336', '2025-02-18 18:30:00', 'it0008', 2, 103, 128),
(804, 'ORD0337', '2025-02-19 19:00:00', 'it0012', 1, 104, 159),
(805, 'ORD0337', '2025-02-19 19:00:00', 'it0007', 2, 104, 159),
(806, 'ORD0338', '2025-02-20 20:40:00', 'it0005', 1, 105, 143),
(807, 'ORD0338', '2025-02-20 20:40:00', 'it0002', 3, 105, 143),
(808, 'ORD0339', '2025-02-21 19:50:00', 'it0001', 2, 106, 154),
(809, 'ORD0339', '2025-02-21 19:50:00', 'it0003', 1, 106, 154),
(810, 'ORD0340', '2025-02-22 20:30:00', 'it0011', 1, 107, 134),
(811, 'ORD0340', '2025-02-22 20:30:00', 'it0009', 2, 107, 134),
(812, 'ORD0341', '2025-02-23 19:20:00', 'it0004', 2, 108, 111),
(813, 'ORD0341', '2025-02-23 19:20:00', 'it0002', 1, 108, 111),
(814, 'ORD0342', '2025-02-24 18:00:00', 'it0003', 3, 109, 160),
(815, 'ORD0342', '2025-02-24 18:00:00', 'it0005', 1, 109, 160),
(816, 'ORD0343', '2025-02-25 19:10:00', 'it0008', 2, 110, 143),
(817, 'ORD0343', '2025-02-25 19:10:00', 'it0012', 1, 110, 143),
(818, 'ORD0344', '2025-02-26 20:00:00', 'it0002', 2, 111, 116),
(819, 'ORD0344', '2025-02-26 20:00:00', 'it0006', 3, 111, 116),
(820, 'ORD0345', '2025-02-27 19:40:00', 'it0007', 1, 112, 174),
(821, 'ORD0345', '2025-02-27 19:40:00', 'it0005', 2, 112, 174),
(822, 'ORD0346', '2025-02-28 18:30:00', 'it0011', 1, 113, 131),
(823, 'ORD0346', '2025-02-28 18:30:00', 'it0004', 3, 113, 131),
(824, 'ORD0347', '2025-02-01 20:20:00', 'it0003', 1, 114, 158),
(825, 'ORD0347', '2025-02-01 20:20:00', 'it0002', 3, 114, 158),
(826, 'ORD0348', '2025-02-02 18:50:00', 'it0009', 2, 115, 132),
(827, 'ORD0348', '2025-02-02 18:50:00', 'it0001', 1, 115, 132),
(828, 'ORD0349', '2025-02-03 21:30:00', 'it0006', 2, 116, 152),
(829, 'ORD0349', '2025-02-03 21:30:00', 'it0004', 1, 116, 152),
(830, 'ORD0350', '2025-02-04 18:00:00', 'it0012', 2, 117, 146),
(831, 'ORD0350', '2025-02-04 18:00:00', 'it0007', 3, 117, 146),
(832, 'ORD0351', '2025-02-05 19:40:00', 'it0003', 2, 118, 140),
(833, 'ORD0351', '2025-02-05 19:40:00', 'it0001', 1, 118, 140),
(834, 'ORD0352', '2025-02-06 20:20:00', 'it0008', 1, 119, 162),
(835, 'ORD0352', '2025-02-06 20:20:00', 'it0002', 3, 119, 162),
(836, 'ORD0353', '2025-02-07 18:50:00', 'it0004', 2, 120, 145),
(837, 'ORD0353', '2025-02-07 18:50:00', 'it0007', 1, 120, 145),
(838, 'ORD0354', '2025-02-08 19:30:00', 'it0012', 1, 121, 122),
(839, 'ORD0354', '2025-02-08 19:30:00', 'it0009', 2, 121, 122),
(840, 'ORD0355', '2025-02-09 21:10:00', 'it0005', 3, 122, 134),
(841, 'ORD0355', '2025-02-09 21:10:00', 'it0001', 2, 122, 134),
(842, 'ORD0356', '2025-02-10 18:40:00', 'it0007', 1, 123, 125),
(843, 'ORD0356', '2025-02-10 18:40:00', 'it0002', 2, 123, 125),
(844, 'ORD0357', '2025-02-11 19:20:00', 'it0009', 2, 124, 113),
(845, 'ORD0357', '2025-02-11 19:20:00', 'it0005', 1, 124, 113),
(846, 'ORD0358', '2025-02-12 18:50:00', 'it0011', 3, 125, 118),
(847, 'ORD0358', '2025-02-12 18:50:00', 'it0007', 2, 125, 118),
(848, 'ORD0359', '2025-02-13 20:30:00', 'it0003', 2, 126, 149),
(849, 'ORD0359', '2025-02-13 20:30:00', 'it0001', 1, 126, 149),
(850, 'ORD0360', '2025-02-14 19:10:00', 'it0007', 1, 127, 160),
(851, 'ORD0360', '2025-02-14 19:10:00', 'it0012', 2, 127, 160),
(852, 'ORD0361', '2025-02-15 18:00:00', 'it0009', 1, 128, 151),
(853, 'ORD0361', '2025-02-15 18:00:00', 'it0004', 3, 128, 151),
(854, 'ORD0362', '2025-02-16 21:00:00', 'it0002', 2, 129, 176),
(855, 'ORD0362', '2025-02-16 21:00:00', 'it0003', 1, 129, 176),
(856, 'ORD0363', '2025-02-17 19:50:00', 'it0011', 2, 130, 162),
(857, 'ORD0363', '2025-02-17 19:50:00', 'it0007', 1, 130, 162),
(858, 'ORD0364', '2025-02-18 20:30:00', 'it0006', 3, 131, 152),
(859, 'ORD0364', '2025-02-18 20:30:00', 'it0005', 1, 131, 152),
(860, 'ORD0365', '2025-02-19 21:20:00', 'it0007', 2, 132, 175),
(861, 'ORD0365', '2025-02-19 21:20:00', 'it0001', 3, 132, 175);

DELETE FROM orders
WHERE row_id BETWEEN 598 AND 717;

INSERT INTO orders (row_id, order_id, created_at, item_id, quantity, cust_id, add_id)
VALUES
(598, 'ORD0001', '2025-01-01', 'it0001', 2, 1, 1),
(599, 'ORD0002', '2025-01-01', 'it0002', 1, 2, 2),
(600, 'ORD0003', '2025-01-02', 'it0001', 3, 3, 3),
(601, 'ORD0004', '2025-01-02', 'it0005', 1, 4, 4),
(602, 'ORD0005', '2025-01-03', 'it0006', 2, 5, 5),
(603, 'ORD0006', '2025-01-03', 'it0007', 4, 6, 6),
(604, 'ORD0007', '2025-01-04', 'it0008', 1, 7, 7), 
(605, 'ORD0008', '2025-01-04', 'it0003', 2, 8, 8),
(606, 'ORD0009', '2025-01-05', 'it0009', 3, 9, 9),  
(607, 'ORD0010', '2025-01-05', 'it0010', 2, 10, 10),
(608, 'ORD0011', '2025-01-06', 'it0001', 2, 11, 11), 
(609, 'ORD0012', '2025-01-06', 'it0004', 1, 12, 12),
(610, 'ORD0013', '2025-01-07', 'it0011', 1, 13, 13), 
(611, 'ORD0014', '2025-01-07', 'it0012', 3, 14, 14),
(612, 'ORD0015', '2025-01-08', 'it0013', 2, 15, 15), 
(613, 'ORD0016', '2025-01-08', 'it0005', 4, 16, 16),
(614, 'ORD0017', '2025-01-09', 'it0007', 1, 17, 17),
(615, 'ORD0018', '2025-01-09', 'it0002', 2, 18, 18),
(616, 'ORD0019', '2025-01-10', 'it0003', 3, 19, 19), 
(617, 'ORD0020', '2025-01-10', 'it0004', 2, 20, 20),
(618, 'ORD0021', '2025-01-11', 'it0005', 3, 21, 21), 
(619, 'ORD0022', '2025-01-11', 'it0012', 2, 22, 22),
(620, 'ORD0023', '2025-01-12', 'it0006', 4, 23, 23), 
(621, 'ORD0024', '2025-01-12', 'it0001', 1, 24, 24),
(622, 'ORD0025', '2025-01-13', 'it0007', 2, 25, 25),
(623, 'ORD0026', '2025-01-13', 'it0004', 3, 26, 26),
(624, 'ORD0027', '2025-01-14', 'it0010', 1, 27, 27),
(625, 'ORD0028', '2025-01-14', 'it0002', 2, 28, 28),
(626, 'ORD0029', '2025-01-15', 'it0003', 3, 29, 29),
(627, 'ORD0030', '2025-01-15', 'it0011', 2, 30, 30),
(628, 'ORD0031', '2025-01-16', 'it0014', 4, 31, 31),
(629, 'ORD0032', '2025-01-16', 'it0012', 1, 32, 32),
(630, 'ORD0033', '2025-01-17', 'it0008', 2, 33, 33),
(631, 'ORD0034', '2025-01-17', 'it0010', 3, 34, 34),
(632, 'ORD0035', '2025-01-18', 'it0009', 4, 35, 35),
(633, 'ORD0036', '2025-01-18', 'it0001', 1, 36, 36),
(634, 'ORD0037', '2025-01-19', 'it0007', 2, 37, 37),
(635, 'ORD0038', '2025-01-19', 'it0011', 3, 38, 38),
(636, 'ORD0039', '2025-01-20', 'it0013', 1, 39, 39),
(637, 'ORD0040', '2025-01-20', 'it0003', 2, 40, 40),
(638, 'ORD0041', '2025-01-21', 'it0012', 4, 41, 41),
(639, 'ORD0042', '2025-01-21', 'it0006', 1, 42, 42),
(640, 'ORD0043', '2025-01-22', 'it0010', 3, 43, 43),
(641, 'ORD0044', '2025-01-22', 'it0004', 2, 44, 44),
(642, 'ORD0045', '2025-01-23', 'it0011', 1, 45, 45),
(643, 'ORD0046', '2025-01-23', 'it0002', 4, 46, 46),
(644, 'ORD0047', '2025-01-24', 'it0008', 3, 47, 47),
(645, 'ORD0048', '2025-01-24', 'it0001', 2, 48, 48),
(646, 'ORD0049', '2025-01-25', 'it0014', 1, 49, 49),
(647, 'ORD0050', '2025-01-25', 'it0005', 3, 50, 50),
(648, 'ORD0051', '2025-01-26', 'it0006', 2, 51, 51),
(649, 'ORD0052', '2025-01-26', 'it0009', 1, 52, 52),
(650, 'ORD0053', '2025-01-27', 'it0002', 4, 53, 53),
(651, 'ORD0054', '2025-01-27', 'it0011', 3, 54, 54),
(652, 'ORD0055', '2025-01-28', 'it0007', 2, 55, 55),
(653, 'ORD0056', '2025-01-28', 'it0014', 4, 56, 56),
(654, 'ORD0057', '2025-01-29', 'it0003', 1, 57, 57),
(655, 'ORD0058', '2025-01-29', 'it0012', 3, 58, 58),
(656, 'ORD0059', '2025-01-30', 'it0009', 2, 59, 59),
(657, 'ORD0060', '2025-01-30', 'it0007', 4, 60, 60),
(658, 'ORD0061', '2025-01-31', 'it0001', 2, 61, 61),
(659, 'ORD0062', '2025-01-31', 'it0013', 3, 62, 62),
(660, 'ORD0063', '2025-02-01', 'it0008', 1, 63, 63),
(661, 'ORD0064', '2025-02-01', 'it0004', 2, 64, 64),
(662, 'ORD0065', '2025-02-02', 'it0005', 4, 65, 65),
(663, 'ORD0066', '2025-02-02', 'it0002', 3, 66, 66),
(664, 'ORD0067', '2025-02-03', 'it0010', 1, 67, 67),
(665, 'ORD0068', '2025-02-03', 'it0014', 2, 68, 68),
(666, 'ORD0069', '2025-02-04', 'it0001', 3, 69, 69),
(667, 'ORD0070', '2025-02-04', 'it0007', 2, 70, 70),
(668, 'ORD0071', '2025-02-05', 'it0008', 4, 71, 71),
(669, 'ORD0072', '2025-02-05', 'it0012', 1, 72, 72),
(670, 'ORD0073', '2025-02-06', 'it0013', 3, 73, 73),
(671, 'ORD0074', '2025-02-06', 'it0005', 2, 74, 74),
(672, 'ORD0075', '2025-02-07', 'it0004', 1, 75, 75),
(673, 'ORD0076', '2025-02-07', 'it0006', 2, 76, 76),
(674, 'ORD0077', '2025-02-08', 'it0002', 3, 77, 77),
(675, 'ORD0078', '2025-02-08', 'it0010', 4, 78, 78),
(676, 'ORD0079', '2025-02-09', 'it0005', 1, 79, 79),
(677, 'ORD0080', '2025-02-09', 'it0012', 2, 80, 80),
(678, 'ORD0081', '2025-02-10', 'it0007', 3, 81, 81),
(679, 'ORD0082', '2025-02-10', 'it0001', 4, 82, 82),
(680, 'ORD0083', '2025-02-11', 'it0014', 1, 83, 83),
(681, 'ORD0084', '2025-02-11', 'it0003', 3, 84, 84),
(682, 'ORD0085', '2025-02-12', 'it0007', 2, 85, 85),
(683, 'ORD0086', '2025-02-12', 'it0012', 1, 86, 86),
(684, 'ORD0087', '2025-02-13', 'it0008', 3, 87, 87),
(685, 'ORD0088', '2025-02-13', 'it0010', 2, 88, 88),
(686, 'ORD0089', '2025-02-14', 'it0005', 4, 89, 89),
(687, 'ORD0090', '2025-02-14', 'it0002', 1, 90, 90),
(688, 'ORD0091', '2025-02-15', 'it0014', 2, 91, 91),
(689, 'ORD0092', '2025-02-15', 'it0009', 3, 92, 92),
(690, 'ORD0093', '2025-02-16', 'it0012', 1, 93, 93),
(691, 'ORD0094', '2025-02-16', 'it0006', 2, 94, 94),
(692, 'ORD0095', '2025-02-17', 'it0003', 4, 95, 95),
(693, 'ORD0096', '2025-02-17', 'it0010', 3, 96, 96),
(694, 'ORD0097', '2025-02-18', 'it0013', 2, 97, 97),
(695, 'ORD0098', '2025-02-18', 'it0004', 1, 98, 98),
(696, 'ORD0099', '2025-02-19', 'it0002', 3, 99, 99),
(697, 'ORD0100', '2025-02-19', 'it0011', 1, 100, 100),
(698, 'ORD0101', '2025-02-20', 'it0007', 4, 101, 101),
(699, 'ORD0102', '2025-02-20', 'it0012', 2, 102, 102),
(700, 'ORD0103', '2025-02-21', 'it0010', 3, 103, 103),
(701, 'ORD0104', '2025-02-21', 'it0009', 1, 104, 104),
(702, 'ORD0105', '2025-02-22', 'it0005', 4, 105, 105),
(703, 'ORD0106', '2025-02-22', 'it0011', 2, 106, 106),
(704, 'ORD0107', '2025-02-23', 'it0014', 1, 107, 107),
(705, 'ORD0108', '2025-02-23', 'it0008', 2, 108, 108),
(706, 'ORD0109', '2025-02-24', 'it0012', 3, 109, 109),
(707, 'ORD0110', '2025-02-24', 'it0006', 1, 110, 110),
(708, 'ORD0111', '2025-02-25', 'it0004', 4, 111, 111),
(709, 'ORD0112', '2025-02-25', 'it0001', 2, 112, 112),
(710, 'ORD0113', '2025-02-26', 'it0010', 3, 113, 113),
(711, 'ORD0114', '2025-02-26', 'it0002', 1, 114, 114),
(712, 'ORD0115', '2025-02-27', 'it0007', 2, 115, 115),
(713, 'ORD0116', '2025-02-27', 'it0013', 4, 116, 116),
(714, 'ORD0117', '2025-02-28', 'it0006', 1, 117, 117),
(715, 'ORD0118', '2025-02-28', 'it0014', 3, 118, 118),
(716, 'ORD0119', '2025-02-28', 'it0009', 2, 119, 119),
(717, 'ORD0120', '2025-02-28', 'it0003', 4, 120, 120);

DELETE FROM orders
WHERE row_id BETWEEN 530 AND 597;

INSERT INTO orders (row_id, order_id, created_at, item_id, quantity, cust_id, add_id)
VALUES
(530, 'ORD0121', '2025-02-01', 'it0012', 1, 1, 1),
(531, 'ORD0122', '2025-02-01', 'it0007', 3, 2, 2),
(532, 'ORD0123', '2025-02-02', 'it0005', 4, 3, 3),
(533, 'ORD0124', '2025-02-02', 'it0002', 1, 4, 4),
(534, 'ORD0125', '2025-02-02', 'it0010', 2, 5, 5),
(535, 'ORD0126', '2025-02-03', 'it0003', 2, 6, 6),
(536, 'ORD0127', '2025-02-03', 'it0014', 3, 7, 7),
(537, 'ORD0128', '2025-02-03', 'it0008', 1, 8, 8),
(538, 'ORD0129', '2025-02-04', 'it0006', 4, 9, 9),
(539, 'ORD0130', '2025-02-04', 'it0001', 2, 10, 10),
(540, 'ORD0131', '2025-02-05', 'it0012', 1, 11, 11),
(541, 'ORD0132', '2025-02-05', 'it0005', 3, 12, 12),
(542, 'ORD0133', '2025-02-06', 'it0014', 2, 13, 13),
(543, 'ORD0134', '2025-02-06', 'it0009', 4, 14, 14),
(544, 'ORD0135', '2025-02-06', 'it0011', 1, 15, 15),
(545, 'ORD0136', '2025-02-07', 'it0003', 1, 16, 16),
(546, 'ORD0137', '2025-02-07', 'it0008', 3, 17, 17),
(547, 'ORD0138', '2025-02-07', 'it0007', 2, 18, 18),
(548, 'ORD0139', '2025-02-08', 'it0010', 4, 19, 19),
(549, 'ORD0140', '2025-02-08', 'it0012', 2, 20, 20),
(550, 'ORD0141', '2025-02-09', 'it0001', 1, 21, 21),
(551, 'ORD0142', '2025-02-09', 'it0005', 3, 22, 22),
(552, 'ORD0143', '2025-02-09', 'it0013', 2, 23, 23),
(553, 'ORD0144', '2025-02-10', 'it0006', 1, 24, 24),
(554, 'ORD0145', '2025-02-10', 'it0007', 2, 25, 25),
(555, 'ORD0146', '2025-02-11', 'it0009', 3, 26, 26),
(556, 'ORD0147', '2025-02-11', 'it0010', 2, 27, 27),
(557, 'ORD0148', '2025-02-12', 'it0014', 1, 28, 28),
(558, 'ORD0149', '2025-02-12', 'it0002', 4, 29, 29),
(559, 'ORD0150', '2025-02-13', 'it0003', 2, 30, 30),
(560, 'ORD0151', '2025-02-13', 'it0001', 1, 31, 31),
(561, 'ORD0152', '2025-02-13', 'it0006', 3, 32, 32),
(562, 'ORD0153', '2025-02-14', 'it0008', 4, 33, 33),
(563, 'ORD0154', '2025-02-14', 'it0005', 2, 34, 34),
(564, 'ORD0155', '2025-02-14', 'it0012', 3, 35, 35),
(565, 'ORD0156', '2025-02-15', 'it0014', 1, 36, 36),
(566, 'ORD0157', '2025-02-15', 'it0007', 2, 37, 37),
(567, 'ORD0158', '2025-02-15', 'it0006', 3, 38, 38),
(568, 'ORD0159', '2025-02-16', 'it0002', 1, 39, 39),
(569, 'ORD0160', '2025-02-16', 'it0011', 3, 40, 40),
(570, 'ORD0161', '2025-02-16', 'it0013', 2, 41, 41),
(571, 'ORD0162', '2025-02-17', 'it0012', 1, 42, 42),
(572, 'ORD0163', '2025-02-17', 'it0005', 2, 43, 43),
(573, 'ORD0164', '2025-02-18', 'it0009', 3, 44, 44),
(574, 'ORD0165', '2025-02-18', 'it0007', 2, 45, 45),
(575, 'ORD0166', '2025-02-19', 'it0001', 4, 46, 46),
(576, 'ORD0167', '2025-02-19', 'it0006', 3, 47, 47),
(577, 'ORD0168', '2025-02-19', 'it0002', 2, 48, 48),
(578, 'ORD0169', '2025-02-20', 'it0014', 3, 49, 49),
(579, 'ORD0170', '2025-02-20', 'it0003', 2, 50, 50),
(580, 'ORD0171', '2025-02-21', 'it0008', 1, 51, 51),
(581, 'ORD0172', '2025-02-21', 'it0012', 4, 52, 52),
(582, 'ORD0173', '2025-02-22', 'it0014', 2, 53, 53),
(583, 'ORD0174', '2025-02-22', 'it0009', 3, 54, 54),
(584, 'ORD0175', '2025-02-23', 'it0007', 1, 55, 55),
(585, 'ORD0176', '2025-02-23', 'it0010', 2, 56, 56),
(586, 'ORD0177', '2025-02-23', 'it0001', 3, 57, 57),
(587, 'ORD0178', '2025-02-24', 'it0005', 1, 58, 58),
(588, 'ORD0179', '2025-02-24', 'it0002', 4, 59, 59),
(589, 'ORD0180', '2025-02-25', 'it0009', 3, 60, 60),
(590, 'ORD0181', '2025-02-25', 'it0007', 2, 61, 61),
(591, 'ORD0182', '2025-02-26', 'it0012', 1, 62, 62),
(592, 'ORD0183', '2025-02-26', 'it0006', 3, 63, 63),
(593, 'ORD0184', '2025-02-27', 'it0001', 2, 64, 64),
(594, 'ORD0185', '2025-02-27', 'it0014', 3, 65, 65),
(595, 'ORD0186', '2025-02-27', 'it0009', 1, 66, 66),
(596, 'ORD0187', '2025-02-28', 'it0008', 4, 67, 67),
(597, 'ORD0188', '2025-02-28', 'it0005', 2, 68, 68);

INSERT INTO orders (row_id, order_id, created_at, item_id, quantity, cust_id, add_id)
VALUES
(862, 'ORD0190', '2025-01-12', 'it0013', 1, 47, 47),
(863, 'ORD0191', '2025-01-13', 'it0008', 1, 49, 49),
(864, 'ORD0192', '2025-01-13', 'it0007', 2, 50, 50),
(865, 'ORD0193', '2025-01-14', 'it0010', 2, 51, 51),
(866, 'ORD0194', '2025-01-14', 'it0005', 1, 52, 52),
(867, 'ORD0195', '2025-01-15', 'it0003', 1, 53, 53),
(868, 'ORD0196', '2025-01-15', 'it0009', 3, 54, 54),
(869, 'ORD0197', '2025-01-16', 'it0002', 2, 55, 55),
(870, 'ORD0198', '2025-01-16', 'it0006', 4, 56, 56),
(871, 'ORD0199', '2025-01-17', 'it0001', 2, 57, 57),
(872, 'ORD0200', '2025-01-17', 'it0014', 3, 58, 58),
(873, 'ORD0201', '2025-01-18', 'it0007', 3, 59, 59),
(874, 'ORD0202', '2025-01-18', 'it0009', 2, 60, 60),
(875, 'ORD0203', '2025-01-19', 'it0005', 3, 61, 61),
(876, 'ORD0204', '2025-01-19', 'it0011', 2, 62, 62),
(877, 'ORD0205', '2025-01-20', 'it0013', 1, 63, 63),
(878, 'ORD0206', '2025-01-20', 'it0010', 2, 64, 64),
(879, 'ORD0207', '2025-01-21', 'it0012', 3, 65, 65),
(880, 'ORD0208', '2025-01-21', 'it0006', 4, 66, 66),
(881, 'ORD0209', '2025-01-22', 'it0004', 2, 67, 67),
(882, 'ORD0210', '2025-01-22', 'it0010', 3, 68, 68),
(883, 'ORD0211', '2025-01-23', 'it0007', 1, 69, 69),
(884, 'ORD0212', '2025-01-23', 'it0012', 3, 70, 70),
(885, 'ORD0213', '2025-01-24', 'it0001', 3, 71, 71),
(886, 'ORD0214', '2025-01-24', 'it0003', 2, 72, 72),
(887, 'ORD0215', '2025-01-25', 'it0008', 2, 73, 73),
(888, 'ORD0216', '2025-01-25', 'it0009', 3, 74, 74),
(889, 'ORD0217', '2025-01-26', 'it0014', 1, 75, 75),
(890, 'ORD0218', '2025-01-26', 'it0007', 2, 76, 76),
(891, 'ORD0219', '2025-01-27', 'it0011', 2, 77, 77),
(892, 'ORD0220', '2025-01-27', 'it0005', 2, 78, 78),
(893, 'ORD0221', '2025-01-28', 'it0013', 1, 79, 79),
(894, 'ORD0222', '2025-01-28', 'it0006', 3, 80, 80),
(895, 'ORD0223', '2025-01-29', 'it0007', 2, 81, 81),
(896, 'ORD0224', '2025-01-29', 'it0012', 1, 82, 82),
(897, 'ORD0225', '2025-01-30', 'it0014', 1, 83, 83),
(898, 'ORD0226', '2025-01-30', 'it0008', 2, 84, 84),
(899, 'ORD0227', '2025-01-31', 'it0001', 3, 85, 85),
(900, 'ORD0228', '2025-01-31', 'it0005', 2, 86, 86),
(901, 'ORD0229', '2025-02-01', 'it0002', 2, 87, 87),
(902, 'ORD0229', '2025-02-01', 'it0005', 1, 87, 87),
(903, 'ORD0230', '2025-02-01', 'it0003', 2, 88, 88),
(904, 'ORD0230', '2025-02-01', 'it0009', 1, 88, 88),
(905, 'ORD0231', '2025-02-02', 'it0012', 2, 89, 89),
(906, 'ORD0231', '2025-02-02', 'it0008', 1, 89, 89),
(907, 'ORD0232', '2025-02-02', 'it0006', 3, 90, 90),
(908, 'ORD0232', '2025-02-02', 'it0013', 1, 90, 90),
(909, 'ORD0233', '2025-02-03', 'it0005', 2, 91, 91),
(910, 'ORD0233', '2025-02-03', 'it0010', 2, 91, 91),
(911, 'ORD0234', '2025-02-03', 'it0001', 1, 92, 92),
(912, 'ORD0234', '2025-02-03', 'it0004', 2, 92, 92),
(913, 'ORD0235', '2025-02-04', 'it0002', 2, 93, 93),
(914, 'ORD0235', '2025-02-04', 'it0014', 1, 93, 93),
(915, 'ORD0236', '2025-02-04', 'it0013', 3, 94, 94),
(916, 'ORD0236', '2025-02-04', 'it0009', 1, 94, 94),
(917, 'ORD0237', '2025-02-05', 'it0007', 2, 95, 95),
(918, 'ORD0237', '2025-02-05', 'it0012', 2, 95, 95),
(919, 'ORD0238', '2025-02-05', 'it0005', 2, 96, 96),
(920, 'ORD0238', '2025-02-05', 'it0010', 1, 96, 96),
(921, 'ORD0239', '2025-02-06', 'it0003', 3, 97, 97),
(922, 'ORD0239', '2025-02-06', 'it0001', 2, 97, 97),
(923, 'ORD0240', '2025-02-06', 'it0014', 2, 98, 98),
(924, 'ORD0240', '2025-02-06', 'it0007', 1, 98, 98),
(925, 'ORD0241', '2025-02-07', 'it0006', 3, 99, 99),
(926, 'ORD0241', '2025-02-07', 'it0012', 2, 99, 99),
(927, 'ORD0242', '2025-02-07', 'it0002', 2, 100, 100),
(928, 'ORD0242', '2025-02-07', 'it0005', 1, 100, 100),
(929, 'ORD0243', '2025-02-08', 'it0009', 3, 101, 101),
(930, 'ORD0243', '2025-02-08', 'it0003', 2, 101, 101),
(931, 'ORD0244', '2025-02-08', 'it0007', 2, 102, 102),
(932, 'ORD0244', '2025-02-08', 'it0001', 1, 102, 102),
(933, 'ORD0245', '2025-02-09', 'it0013', 3, 103, 103),
(934, 'ORD0245', '2025-02-09', 'it0004', 2, 103, 103),
(935, 'ORD0246', '2025-02-09', 'it0006', 1, 104, 104),
(936, 'ORD0246', '2025-02-09', 'it0002', 2, 104, 104),
(937, 'ORD0247', '2025-02-10', 'it0009', 2, 105, 105),
(938, 'ORD0247', '2025-02-10', 'it0010', 1, 105, 105),
(939, 'ORD0248', '2025-02-10', 'it0003', 2, 106, 106),
(940, 'ORD0248', '2025-02-10', 'it0014', 1, 106, 106),
(941, 'ORD0249', '2025-02-11', 'it0007', 2, 107, 107),
(942, 'ORD0249', '2025-02-11', 'it0004', 3, 107, 107),
(943, 'ORD0250', '2025-02-11', 'it0005', 1, 108, 108),
(944, 'ORD0250', '2025-02-11', 'it0014', 1, 108, 108),
(945, 'ORD0251', '2025-02-12', 'it0012', 2, 109, 109),
(946, 'ORD0251', '2025-02-12', 'it0009', 2, 109, 109),
(947, 'ORD0252', '2025-02-12', 'it0002', 2, 110, 110),
(948, 'ORD0252', '2025-02-12', 'it0008', 1, 110, 110),
(949, 'ORD0253', '2025-02-13', 'it0006', 1, 111, 111),
(950, 'ORD0253', '2025-02-13', 'it0010', 2, 111, 111),
(951, 'ORD0254', '2025-02-13', 'it0007', 1, 112, 112),
(952, 'ORD0254', '2025-02-13', 'it0005', 2, 112, 112),
(953, 'ORD0255', '2025-02-14', 'it0002', 2, 113, 113),
(954, 'ORD0255', '2025-02-14', 'it0013', 1, 113, 113),
(955, 'ORD0256', '2025-02-14', 'it0008', 2, 114, 114),
(956, 'ORD0256', '2025-02-14', 'it0010', 3, 114, 114),
(957, 'ORD0257', '2025-02-15', 'it0003', 3, 115, 115),
(958, 'ORD0257', '2025-02-15', 'it0007', 1, 115, 115),
(959, 'ORD0258', '2025-02-15', 'it0014', 2, 116, 116),
(960, 'ORD0258', '2025-02-15', 'it0009', 1, 116, 116),
(961, 'ORD0259', '2025-02-16', 'it0006', 1, 117, 117),
(962, 'ORD0259', '2025-02-16', 'it0001', 2, 117, 117),
(963, 'ORD0260', '2025-02-16', 'it0005', 2, 118, 118),
(964, 'ORD0260', '2025-02-16', 'it0004', 1, 118, 118),
(965, 'ORD0261', '2025-02-17', 'it0012', 3, 119, 119),
(966, 'ORD0261', '2025-02-17', 'it0007', 1, 119, 119),
(967, 'ORD0262', '2025-02-17', 'it0003', 2, 120, 120),
(968, 'ORD0262', '2025-02-17', 'it0014', 1, 120, 120),
(969, 'ORD0263', '2025-02-18', 'it0005', 2, 121, 121),
(970, 'ORD0263', '2025-02-18', 'it0009', 1, 121, 121),
(971, 'ORD0264', '2025-02-18', 'it0006', 2, 122, 122),
(972, 'ORD0264', '2025-02-18', 'it0010', 1, 122, 122),
(973, 'ORD0265', '2025-02-19', 'it0004', 1, 123, 123),
(974, 'ORD0265', '2025-02-19', 'it0008', 2, 123, 123),
(975, 'ORD0266', '2025-02-19', 'it0003', 2, 124, 124),
(976, 'ORD0266', '2025-02-19', 'it0014', 1, 124, 124),
(977, 'ORD0267', '2025-02-20', 'it0001', 3, 125, 125),
(978, 'ORD0267', '2025-02-20', 'it0009', 1, 125, 125),
(979, 'ORD0268', '2025-02-20', 'it0002', 2, 126, 126),
(980, 'ORD0268', '2025-02-20', 'it0007', 1, 126, 126),
(981, 'ORD0269', '2025-02-21', 'it0003', 3, 127, 127),
(982, 'ORD0269', '2025-02-21', 'it0006', 2, 127, 127),
(983, 'ORD0270', '2025-02-21', 'it0010', 2, 128, 128),
(984, 'ORD0270', '2025-02-21', 'it0008', 1, 128, 128),
(985, 'ORD0271', '2025-02-22', 'it0005', 3, 129, 129),
(986, 'ORD0271', '2025-02-22', 'it0013', 2, 129, 129),
(987, 'ORD0272', '2025-02-22', 'it0001', 2, 130, 130),
(988, 'ORD0272', '2025-02-22', 'it0004', 1, 130, 130),
(989, 'ORD0273', '2025-02-23', 'it0006', 3, 131, 131),
(990, 'ORD0273', '2025-02-23', 'it0009', 2, 131, 131),
(991, 'ORD0274', '2025-02-23', 'it0003', 2, 132, 132),
(992, 'ORD0274', '2025-02-23', 'it0014', 1, 132, 132),
(993, 'ORD0275', '2025-02-24', 'it0008', 2, 133, 133),
(994, 'ORD0275', '2025-02-24', 'it0012', 3, 133, 133),
(995, 'ORD0276', '2025-02-24', 'it0004', 2, 134, 134),
(996, 'ORD0276', '2025-02-24', 'it0007', 1, 134, 134),
(997, 'ORD0277', '2025-02-25', 'it0001', 3, 135, 135),
(998, 'ORD0277', '2025-02-25', 'it0013', 2, 135, 135),
(999, 'ORD0278', '2025-02-25', 'it0009', 1, 136, 136),
(1000, 'ORD0278', '2025-02-25', 'it0005', 2, 136, 136);


INSERT INTO orders (row_id, order_id, created_at, item_id, quantity, cust_id, add_id) VALUES
(1001, 'ORD0365', '2025-01-01 12:15:00', 'it0021', 1, 145, 200), -- Spaghetti Bolognese Regular
(1002, 'ORD0365', '2025-01-01 12:15:00', 'it0031', 1, 145, 200), -- Caesar Salad Regular
(1003, 'ORD0366', '2025-01-01 18:45:00', 'it0037', 2, 162, 201), -- Focaccia Bread Regular
(1004, 'ORD0366', '2025-01-01 18:45:00', 'it0045', 1, 162, 201), -- Soda Can
(1005, 'ORD0367', '2025-01-05 19:30:00', 'it0023', 1, 132, 202), -- Fettuccine Alfredo Regular
(1006, 'ORD0367', '2025-01-05 19:30:00', 'it0033', 1, 132, 202), -- Greek Salad Regular
(1007, 'ORD0367', '2025-01-05 19:30:00', 'it0047', 1, 132, 202), -- Cheesecake Slice
(1008, 'ORD0368', '2025-01-05 20:10:00', 'it0041', 1, 173, 203), -- Red Wine Bottle
(1009, 'ORD0369', '2025-01-12 13:20:00', 'it0029', 1, 159, 204), -- Bolognese Lasagna Regular
(1010, 'ORD0369', '2025-01-12 13:20:00', 'it0039', 2, 159, 204), -- Garlic Bread Regular
(1011, 'ORD0370', '2025-01-17 19:50:00', 'it0025', 1, 149, 205), -- Penne Arrabbiata Regular
(1012, 'ORD0370', '2025-01-17 19:50:00', 'it0035', 1, 149, 205), -- Avocado Salad Regular
(1013, 'ORD0370', '2025-01-17 19:50:00', 'it0049', 1, 149, 205), -- Tiramisu Slice
(1014, 'ORD0371', '2025-01-17 20:30:00', 'it0042', 1, 157, 206), -- White Wine Bottle
(1015, 'ORD0372', '2025-01-25 18:40:00', 'it0027', 1, 166, 207), -- Pesto Pasta Regular
(1016, 'ORD0372', '2025-01-25 18:40:00', 'it0031', 1, 166, 207), -- Caesar Salad Regular
(1017, 'ORD0372', '2025-01-25 18:40:00', 'it0048', 1, 166, 207), -- Cheesecake Whole
(1018, 'ORD0373', '2025-02-08 19:10:00', 'it0029', 1, 138, 208), -- Bolognese Lasagna Regular
(1019, 'ORD0373', '2025-02-08 19:10:00', 'it0033', 1, 138, 208), -- Greek Salad Regular
(1020, 'ORD0373', '2025-02-08 19:10:00', 'it0049', 2, 138, 208), -- Tiramisu Slice
(1021, 'ORD0374', '2025-02-14 20:00:00', 'it0047', 2, 164, 209), -- Cheesecake Slice
(1022, 'ORD0374', '2025-02-14 20:00:00', 'it0041', 1, 164, 209), -- Red Wine Bottle
(1023, 'ORD0375', '2025-02-14 19:20:00', 'it0023', 1, 161, 210), -- Fettuccine Alfredo Regular
(1024, 'ORD0375', '2025-02-14 19:20:00', 'it0049', 1, 161, 210), -- Tiramisu Slice
(1025, 'ORD0376', '2025-02-28 18:55:00', 'it0026', 1, 171, 211), -- Penne Arrabbiata Large
(1026, 'ORD0376', '2025-02-28 18:55:00', 'it0034', 1, 171, 211), -- Greek Salad Large
(1027, 'ORD0376', '2025-02-28 18:55:00', 'it0042', 1, 171, 211); -- White Wine Bottle

INSERT INTO orders (row_id, order_id, created_at, item_id, quantity, cust_id, add_id) VALUES
(1028, 'ORD0150', '2025-01-08 12:30:00', 'it0049', 2, 150, 241),
(1029, 'ORD0150', '2025-01-08 12:30:00', 'it0043', 3, 150, 241),
(1030, 'ORD0151', '2025-01-09 14:00:00', 'it0049', 1, 151, 242),
(1031, 'ORD0151', '2025-01-09 14:00:00', 'it0043', 2, 151, 242),
(1032, 'ORD0152', '2025-01-10 16:00:00', 'it0027', 1, 152, 243),
(1033, 'ORD0152', '2025-01-10 16:00:00', 'it0023', 3, 152, 243),
(1034, 'ORD0152', '2025-01-10 16:00:00', 'it0033', 2, 152, 243),
(1035, 'ORD0153', '2025-01-11 17:30:00', 'it0034', 2, 153, 244),
(1036, 'ORD0153', '2025-01-11 17:30:00', 'it0033', 1, 153, 244),
(1037, 'ORD0153', '2025-01-11 17:30:00', 'it0027', 3, 153, 244),
(1038, 'ORD0154', '2025-01-12 14:40:00', 'it0036', 3, 154, 245),
(1039, 'ORD0154', '2025-01-12 14:40:00', 'it0039', 2, 154, 245),
(1040, 'ORD0154', '2025-01-12 14:40:00', 'it0033', 1, 154, 245),
(1041, 'ORD0155', '2025-01-13 12:30:00', 'it0049', 1, 155, 246),
(1042, 'ORD0155', '2025-01-13 12:30:00', 'it0034', 3, 155, 246),
(1043, 'ORD0156', '2025-01-14 14:10:00', 'it0029', 2, 156, 247),
(1044, 'ORD0156', '2025-01-14 14:10:00', 'it0043', 3, 156, 247),
(1045, 'ORD0156', '2025-01-14 14:10:00', 'it0030', 1, 156, 247),
(1046, 'ORD0157', '2025-01-15 13:50:00', 'it0023', 3, 157, 248),
(1047, 'ORD0157', '2025-01-15 13:50:00', 'it0023', 1, 157, 248),
(1048, 'ORD0158', '2025-01-16 17:00:00', 'it0027', 2, 158, 249),
(1049, 'ORD0158', '2025-01-16 17:00:00', 'it0049', 3, 158, 249),
(1050, 'ORD0159', '2025-01-17 12:30:00', 'it0043', 2, 159, 250),
(1051, 'ORD0160', '2025-01-18 14:30:00', 'it0040', 2, 160, 251),
(1052, 'ORD0161', '2025-01-19 16:20:00', 'it0029', 3, 161, 252),
(1053, 'ORD0162', '2025-01-20 11:30:00', 'it0023', 3, 162, 253),
(1054, 'ORD0162', '2025-01-20 11:30:00', 'it0029', 1, 162, 253),
(1055, 'ORD0163', '2025-01-21 14:10:00', 'it0033', 1, 163, 254),
(1056, 'ORD0163', '2025-01-21 14:10:00', 'it0023', 3, 163, 254),
(1057, 'ORD0164', '2025-01-22 16:00:00', 'it0049', 1, 164, 255),
(1058, 'ORD0165', '2025-01-23 12:40:00', 'it0044', 2, 165, 256),
(1059, 'ORD0166', '2025-01-24 14:30:00', 'it0043', 1, 166, 257),
(1060, 'ORD0167', '2025-01-25 15:00:00', 'it0027', 1, 167, 258),
(1061, 'ORD0168', '2025-01-26 12:30:00', 'it0030', 3, 168, 259),
(1062, 'ORD0169', '2025-01-27 14:10:00', 'it0043', 2, 169, 260),
(1063, 'ORD0170', '2025-01-28 16:00:00', 'it0034', 2, 170, 261),
(1064, 'ORD0171', '2025-01-29 13:30:00', 'it0023', 1, 171, 262),
(1065, 'ORD0172', '2025-01-30 14:40:00', 'it0023', 1, 172, 263),
(1066, 'ORD0173', '2025-02-01 16:30:00', 'it0033', 1, 173, 264),
(1067, 'ORD0174', '2025-02-02 13:40:00', 'it0047', 3, 174, 265),
(1068, 'ORD0174', '2025-02-02 13:40:00', 'it0048', 2, 174, 265),
(1069, 'ORD0175', '2025-02-03 14:20:00', 'it0050', 1, 175, 266),
(1070, 'ORD0177', '2025-02-05 15:00:00', 'it0047', 2, 177, 260),
(1071, 'ORD0178', '2025-02-06 16:30:00', 'it0047', 3, 178, 259),
(1072, 'ORD0179', '2025-02-07 13:00:00', 'it0033', 2, 179, 258),
(1073, 'ORD0180', '2025-02-08 14:40:00', 'it0034', 1, 180, 257),
(1074, 'ORD0181', '2025-02-09 12:30:00', 'it0050', 1, 181, 256),
(1075, 'ORD0182', '2025-02-10 13:10:00', 'it0023', 1, 182, 255),
(1076, 'ORD0183', '2025-02-11 14:30:00', 'it0047', 1, 183, 254),
(1077, 'ORD0184', '2025-02-12 15:00:00', 'it0023', 1, 169, 260),
(1078, 'ORD0185', '2025-02-13 16:40:00', 'it0047', 1, 170, 261),
(1079, 'ORD0186', '2025-02-14 12:20:00', 'it0023', 1, 171, 262),
(1080, 'ORD0187', '2025-02-15 14:50:00', 'it0050', 2, 172, 263),
(1081, 'ORD0188', '2025-02-16 16:10:00', 'it0035', 2, 173, 264),
(1082, 'ORD0189', '2025-02-17 13:00:00', 'it0035', 3, 174, 265),
(1083, 'ORD0190', '2025-02-18 15:30:00', 'it0027', 1, 175, 266),
(1084, 'ORD0191', '2025-02-19 16:00:00', 'it0027', 2, 176, 259),
(1085, 'ORD0192', '2025-02-20 14:40:00', 'it0047', 2, 177, 260),
(1086, 'ORD0193', '2025-02-21 13:30:00', 'it0047', 3, 178, 261),
(1087, 'ORD0194', '2025-02-22 16:00:00', 'it0050', 1, 179, 262),
(1088, 'ORD0195', '2025-02-23 13:20:00', 'it0047', 1, 180, 263),
(1089, 'ORD0196', '2025-02-24 15:30:00', 'it0047', 3, 181, 264),
(1090, 'ORD0197', '2025-02-25 14:00:00', 'it0027', 1, 182, 265),
(1091, 'ORD0198', '2025-02-26 16:10:00', 'it0024', 2, 183, 266),
(1092, 'ORD0199', '2025-02-27 12:40:00', 'it0031', 3, 169, 260),
(1093, 'ORD0200', '2025-02-28 13:20:00', 'it0035', 3, 170, 261),
(1094, 'ORD0201', '2025-02-28 16:30:00', 'it0035', 2, 171, 262),
(1095, 'ORD0201', '2025-02-28 16:30:00', 'it0044', 1, 171, 262),
(1096, 'ORD0202', '2025-02-28 17:00:00', 'it0027', 2, 172, 263),
(1097, 'ORD0202', '2025-02-28 17:00:00', 'it0035', 1, 172, 263);

INSERT INTO orders (row_id, order_id, created_at, item_id, quantity, cust_id, add_id) VALUES
(1098, 'ORD0098', '2025-02-13 12:00:00', 'it0021', 3, 98, 98),
(1099, 'ORD0098', '2025-02-13 12:00:00', 'it0047', 2, 98, 98),
(1100, 'ORD0098', '2025-02-13 12:00:00', 'it0043', 1, 98, 98),
(1101, 'ORD0099', '2025-02-12 15:30:00', 'it0031', 1, 99, 99),
(1102, 'ORD0099', '2025-02-12 15:30:00', 'it0022', 2, 99, 99),
(1103, 'ORD0099', '2025-02-12 15:30:00', 'it0043', 3, 99, 99),
(1104, 'ORD0100', '2025-02-11 16:00:00', 'it0045', 1, 100, 100),
(1105, 'ORD0100', '2025-02-11 16:00:00', 'it0023', 2, 100, 100),
(1106, 'ORD0100', '2025-02-11 16:00:00', 'it0047', 3, 100, 100),
(1107, 'ORD0101', '2025-02-10 14:30:00', 'it0024', 2, 101, 101),
(1108, 'ORD0101', '2025-02-10 14:30:00', 'it0031', 1, 101, 101),
(1109, 'ORD0101', '2025-02-10 14:30:00', 'it0036', 3, 101, 101),
(1110, 'ORD0102', '2025-02-09 11:10:00', 'it0025', 1, 102, 102),
(1111, 'ORD0102', '2025-02-09 11:10:00', 'it0035', 2, 102, 102),
(1112, 'ORD0102', '2025-02-09 11:10:00', 'it0043', 3, 102, 102),
(1113, 'ORD0103', '2025-02-08 14:40:00', 'it0031', 1, 103, 103),
(1114, 'ORD0103', '2025-02-08 14:40:00', 'it0037', 2, 103, 103),
(1115, 'ORD0103', '2025-02-08 14:40:00', 'it0031', 3, 103, 103),
(1116, 'ORD0104', '2025-02-07 16:10:00', 'it0026', 3, 104, 104),
(1117, 'ORD0104', '2025-02-07 16:10:00', 'it0043', 2, 104, 104),
(1118, 'ORD0104', '2025-02-07 16:10:00', 'it0027', 1, 104, 104),
(1119, 'ORD0105', '2025-02-06 17:00:00', 'it0007', 2, 105, 105),
(1120, 'ORD0105', '2025-02-06 17:00:00', 'it0039', 3, 105, 105),
(1121, 'ORD0105', '2025-02-06 17:00:00', 'it0031', 1, 105, 105),
(1122, 'ORD0106', '2025-02-05 14:10:00', 'it0028', 3, 106, 106),
(1123, 'ORD0106', '2025-02-05 14:10:00', 'it0038', 2, 106, 106),
(1124, 'ORD0106', '2025-02-05 14:10:00', 'it0036', 1, 106, 106),
(1125, 'ORD0107', '2025-02-04 16:30:00', 'it0043', 2, 107, 107),
(1126, 'ORD0107', '2025-02-04 16:30:00', 'it0033', 1, 107, 107),
(1127, 'ORD0107', '2025-02-04 16:30:00', 'it0029', 3, 107, 107),
(1128, 'ORD0108', '2025-02-03 14:20:00', 'it0037', 1, 108, 108),
(1129, 'ORD0108', '2025-02-03 14:20:00', 'it0033', 3, 108, 108),
(1130, 'ORD0108', '2025-02-03 14:20:00', 'it0031', 2, 108, 108),
(1131, 'ORD0109', '2025-02-02 12:40:00', 'it0041', 2, 109, 109),
(1132, 'ORD0109', '2025-02-02 12:40:00', 'it0047', 3, 109, 109),
(1133, 'ORD0110', '2025-02-01 17:10:00', 'it0030', 3, 110, 201),
(1134, 'ORD0110', '2025-02-01 17:10:00', 'it0009', 2, 110, 201),
(1135, 'ORD0110', '2025-02-01 17:10:00', 'it0025', 1, 110, 201),
(1136, 'ORD0111', '2025-01-31 16:00:00', 'it0021', 2, 111, 202),
(1137, 'ORD0111', '2025-01-31 16:00:00', 'it0031', 1, 111, 202),
(1138, 'ORD0111', '2025-01-31 16:00:00', 'it0049', 3, 111, 202),
(1139, 'ORD0112', '2025-01-30 15:40:00', 'it0023', 1, 112, 203),
(1140, 'ORD0112', '2025-01-30 15:40:00', 'it0049', 3, 112, 203),
(1141, 'ORD0112', '2025-01-30 15:40:00', 'it0047', 2, 112, 203),
(1142, 'ORD0113', '2025-01-29 14:50:00', 'it0023', 1, 113, 204),
(1143, 'ORD0113', '2025-01-29 14:50:00', 'it0031', 3, 113, 204),
(1144, 'ORD0113', '2025-01-29 14:50:00', 'it0035', 2, 113, 204),
(1145, 'ORD0114', '2025-01-28 18:10:00', 'it0021', 3, 114, 205),
(1146, 'ORD0114', '2025-01-28 18:10:00', 'it0044', 2, 114, 205),
(1147, 'ORD0114', '2025-01-28 18:10:00', 'it0041', 1, 114, 205),
(1148, 'ORD0115', '2025-01-27 12:20:00', 'it0023', 1, 115, 206),
(1149, 'ORD0115', '2025-01-27 12:20:00', 'it0049', 2, 115, 206),
(1150, 'ORD0115', '2025-01-27 12:20:00', 'it0047', 3, 115, 206),
(1151, 'ORD0116', '2025-01-26 16:40:00', 'it0025', 2, 116, 207),
(1152, 'ORD0116', '2025-01-26 16:40:00', 'it0008', 3, 116, 207),
(1153, 'ORD0117', '2025-01-25 18:30:00', 'it0027', 3, 117, 208),
(1154, 'ORD0118', '2025-01-24 15:50:00', 'it0043', 3, 118, 209),
(1155, 'ORD0119', '2025-01-23 17:10:00', 'it0029', 1, 119, 210),
(1156, 'ORD0120', '2025-01-22 12:00:00', 'it0043', 1, 120, 211),
(1157, 'ORD0121', '2025-01-21 18:00:00', 'it0035', 2, 121, 212),
(1158, 'ORD0122', '2025-01-20 16:10:00', 'it0003', 3, 122, 213),
(1159, 'ORD0123', '2025-01-19 13:00:00', 'it0043', 1, 123, 214),
(1160, 'ORD0123', '2025-01-19 13:00:00', 'it0023', 2, 123, 214),
(1161, 'ORD0124', '2025-01-18 14:40:00', 'it0049', 1, 124, 215),
(1162, 'ORD0125', '2025-01-17 16:30:00', 'it0049', 3, 125, 216),
(1163, 'ORD0126', '2025-01-16 15:20:00', 'it0022', 1, 126, 217),
(1164, 'ORD0127', '2025-01-15 12:30:00', 'it0049', 2, 127, 218),
(1165, 'ORD0128', '2025-01-14 17:40:00', 'it0047', 1, 128, 219),
(1166, 'ORD0129', '2025-01-13 18:50:00', 'it0022', 2, 129, 220),
(1167, 'ORD0130', '2025-01-12 14:20:00', 'it0047', 1, 130, 221),
(1168, 'ORD0131', '2025-01-11 16:00:00', 'it0021', 1, 131, 222);

INSERT INTO orders (row_id, order_id, created_at, item_id, quantity, cust_id, add_id) VALUES
(1169, 'ORD0015', '2025-01-21 12:30:00', 'it0021', 3, 15, 15), 
(1170, 'ORD0016', '2025-01-22 17:50:00', 'it0025', 1, 16, 16),
(1171, 'ORD0017', '2025-01-23 15:40:00', 'it0023', 1, 17, 17),
(1172, 'ORD0018', '2025-01-24 13:30:00', 'it0022', 2, 18, 18),
(1173, 'ORD0019', '2025-01-25 19:00:00', 'it0021', 1, 19, 19),
(1174, 'ORD0020', '2025-01-26 12:20:00', 'it0023', 1, 20, 20),
(1175, 'ORD0021', '2025-01-28 15:10:00', 'it0021', 3, 21, 21),
(1176, 'ORD0022', '2025-01-29 14:00:00', 'it0021', 1, 22, 22),
(1177, 'ORD0023', '2025-01-30 16:40:00', 'it0023', 2, 23, 23),
(1178, 'ORD0024', '2025-02-01 18:20:00', 'it0025', 3, 24, 24),
(1179, 'ORD0025', '2025-02-02 12:00:00', 'it0027', 2, 25, 25),
(1180, 'ORD0026', '2025-02-03 14:30:00', 'it0027', 1, 26, 26),
(1181, 'ORD0027', '2025-02-04 13:20:00', 'it0029', 3, 27, 27),
(1182, 'ORD0028', '2025-02-05 15:00:00', 'it0021', 2, 28, 28),
(1183, 'ORD0029', '2025-02-06 12:40:00', 'it0029', 1, 29, 29),
(1184, 'ORD0030', '2025-02-07 11:10:00', 'it0030', 3, 30, 30),
(1185, 'ORD0031', '2025-02-08 14:00:00', 'it0021', 2, 31, 31),
(1186, 'ORD0032', '2025-02-09 15:20:00', 'it0023', 1, 32, 32),
(1187, 'ORD0033', '2025-02-10 12:30:00', 'it0025', 1, 33, 33),
(1188, 'ORD0034', '2025-02-11 14:40:00', 'it0022', 2, 34, 34),
(1189, 'ORD0035', '2025-02-12 16:00:00', 'it0025', 3, 35, 35),
(1190, 'ORD0036', '2025-02-13 14:00:00', 'it0027', 1, 36, 36),
(1191, 'ORD0037', '2025-02-14 15:00:00', 'it0023', 2, 37, 37),
(1192, 'ORD0038', '2025-02-15 13:30:00', 'it0026', 3, 38, 38),
(1193, 'ORD0039', '2025-02-16 14:20:00', 'it0029', 2, 39, 39),
(1194, 'ORD0040', '2025-02-17 12:30:00', 'it0047', 2, 40, 40),
(1195, 'ORD0041', '2025-02-18 13:10:00', 'it0047', 3, 41, 41),
(1196, 'ORD0042', '2025-02-19 11:30:00', 'it0047', 1, 42, 42),
(1197, 'ORD0043', '2025-02-20 12:40:00', 'it0047', 3, 43, 43),
(1198, 'ORD0044', '2025-02-21 14:50:00', 'it0049', 3, 44, 44),
(1199, 'ORD0045', '2025-02-22 15:20:00', 'it0049', 2, 45, 45),
(1200, 'ORD0046', '2025-02-23 17:40:00', 'it0049', 1, 46, 46),
(1201, 'ORD0047', '2025-02-24 17:40:00', 'it0049', 1, 47, 47),
(1202, 'ORD0048', '2025-02-25 12:20:00', 'it0047', 2, 48, 48),
(1203, 'ORD0049', '2025-02-26 14:00:00', 'it0049', 2, 49, 49),
(1204, 'ORD0050', '2025-02-27 13:10:00', 'it0049', 2, 50, 50),
(1205, 'ORD0051', '2025-02-28 12:00:00', 'it0049', 1, 51, 51),
(1206, 'ORD0052', '2025-02-01 13:30:00', 'it0049', 1, 52, 52),
(1207, 'ORD0053', '2025-02-02 14:40:00', 'it0047', 2, 53, 53),
(1208, 'ORD0054', '2025-02-03 15:50:00', 'it0042', 1, 54, 54),
(1209, 'ORD0055', '2025-02-04 11:40:00', 'it0041', 2, 55, 55),
(1210, 'ORD0056', '2025-02-05 12:30:00', 'it0047', 3, 56, 56),
(1211, 'ORD0057', '2025-02-06 14:20:00', 'it0047', 1, 57, 57),
(1212, 'ORD0058', '2025-02-07 11:10:00', 'it0033', 1, 58, 58),
(1213, 'ORD0059', '2025-02-08 13:30:00', 'it0036', 1, 59, 59),
(1214, 'ORD0060', '2025-02-09 12:40:00', 'it0033', 3, 60, 60),
(1215, 'ORD0061', '2025-02-10 14:30:00', 'it0032', 2, 61, 61),
(1216, 'ORD0062', '2025-02-11 11:50:00', 'it0033', 3, 62, 62),
(1217, 'ORD0063', '2025-02-12 12:00:00', 'it0035', 2, 63, 63),
(1218, 'ORD0064', '2025-02-13 15:20:00', 'it0036', 3, 64, 64),
(1219, 'ORD0065', '2025-02-14 14:10:00', 'it0033', 2, 65, 65),
(1220, 'ORD0066', '2025-02-15 13:30:00', 'it0032', 1, 66, 66),
(1221, 'ORD0067', '2025-02-16 14:50:00', 'it0031', 3, 67, 67),
(1222, 'ORD0068', '2025-02-17 11:40:00', 'it0035', 3, 68, 68),
(1223, 'ORD0069', '2025-02-18 14:10:00', 'it0039', 2, 69, 69),
(1224, 'ORD0070', '2025-02-19 12:50:00', 'it0033', 2, 70, 70),
(1225, 'ORD0071', '2025-02-20 11:30:00', 'it0039', 1, 71, 71),
(1226, 'ORD0072', '2025-02-21 12:20:00', 'it0037', 3, 72, 72),
(1227, 'ORD0073', '2025-02-22 14:00:00', 'it0037', 1, 73, 73),
(1228, 'ORD0074', '2025-02-23 13:10:00', 'it0035', 2, 74, 74),
(1229, 'ORD0076', '2025-02-25 14:20:00', 'it0031', 2, 76, 76),
(1230, 'ORD0077', '2025-02-26 12:00:00', 'it0037', 2, 77, 77),
(1231, 'ORD0078', '2025-02-27 13:40:00', 'it0037', 1, 78, 78),
(1232, 'ORD0079', '2025-02-28 11:20:00', 'it0039', 3, 79, 79),
(1233, 'ORD0080', '2025-02-28 14:30:00', 'it0037', 1, 80, 80),
(1234, 'ORD0081', '2025-02-28 13:00:00', 'it0039', 2, 81, 81),
(1235, 'ORD0082', '2025-02-28 12:10:00', 'it0040', 2, 82, 82),
(1236, 'ORD0084', '2025-02-26 12:30:00', 'it0040', 1, 84, 84),
(1237, 'ORD0085', '2025-02-25 13:40:00', 'it0040', 1, 85, 85),
(1238, 'ORD0086', '2025-02-24 11:10:00', 'it0046', 3, 86, 86),
(1239, 'ORD0087', '2025-02-23 14:00:00', 'it0046', 2, 87, 87),
(1240, 'ORD0088', '2025-02-23 13:30:00', 'it0046', 1, 88, 88),
(1241, 'ORD0089', '2025-02-22 12:40:00', 'it0046', 3, 89, 89),
(1242, 'ORD0090', '2025-02-21 14:20:00', 'it0038', 1, 90, 90),
(1243, 'ORD0091', '2025-02-20 13:00:00', 'it0032', 1, 91, 91),
(1244, 'ORD0092', '2025-02-19 14:10:00', 'it0035', 3, 92, 92),
(1245, 'ORD0093', '2025-02-18 13:20:00', 'it0027', 1, 93, 93),
(1246, 'ORD0094', '2025-02-17 11:00:00', 'it0033', 1, 94, 94),
(1247, 'ORD0095', '2025-02-16 13:10:00', 'it0025', 1, 95, 95),
(1248, 'ORD0096', '2025-02-15 14:50:00', 'it0037', 1, 96, 96),
(1249, 'ORD0097', '2025-02-14 11:30:00', 'it0029', 3, 97, 97);

INSERT INTO orders (row_id, order_id, created_at, item_id, quantity, cust_id, add_id) VALUES
(1250, 'ORD0377', '2025-03-03 12:10:00', 'it0021', 1, 142, 212), -- Spaghetti Bolognese Regular
(1251, 'ORD0377', '2025-03-03 12:10:00', 'it0033', 1, 142, 212), -- Greek Salad Regular
(1252, 'ORD0378', '2025-03-03 18:25:00', 'it0037', 2, 153, 213), -- Focaccia Bread Regular
(1253, 'ORD0378', '2025-03-03 18:25:00', 'it0043', 1, 153, 213), -- Sparkling Water Bottle
(1254, 'ORD0379', '2025-03-04 19:45:00', 'it0029', 1, 160, 214), -- Bolognese Lasagna Regular
(1255, 'ORD0379', '2025-03-04 19:45:00', 'it0035', 1, 160, 214), -- Avocado Salad Regular
(1256, 'ORD0380', '2025-03-04 20:05:00', 'it0049', 2, 175, 215), -- Tiramisu Slice
(1257, 'ORD0380', '2025-03-04 20:05:00', 'it0042', 1, 175, 215),
(1258, 'ORD0365', '2025-01-01 12:15:00', 'it0021', 1, 145, 200), -- Spaghetti Bolognese Regular
(1259, 'ORD0365', '2025-01-01 12:15:00', 'it0031', 1, 145, 200), -- Caesar Salad Regular
(1260, 'ORD0366', '2025-01-01 18:45:00', 'it0037', 2, 162, 201), -- Focaccia Bread Regular
(1261, 'ORD0366', '2025-01-01 18:45:00', 'it0045', 1, 162, 201), -- Soda Can
(1262, 'ORD0367', '2025-01-25 19:30:00', 'it0023', 1, 132, 202), -- Fettuccine Alfredo Regular
(1263, 'ORD0367', '2025-01-25 19:30:00', 'it0033', 1, 132, 202), -- Greek Salad Regular
(1264, 'ORD0367', '2025-01-25 19:30:00', 'it0047', 1, 132, 202), -- Cheesecake Slice
(1265, 'ORD0368', '2025-01-25 20:10:00', 'it0041', 1, 173, 203), -- Red Wine Bottle
(1266, 'ORD0369', '2025-01-12 13:20:00', 'it0029', 1, 159, 204), -- Bolognese Lasagna Regular
(1267, 'ORD0369', '2025-01-12 13:20:00', 'it0039', 2, 159, 204), -- Garlic Bread Regular
(1268, 'ORD0370', '2025-01-17 19:50:00', 'it0025', 1, 149, 205), -- Penne Arrabbiata Regular
(1269, 'ORD0370', '2025-01-17 19:50:00', 'it0035', 1, 149, 205), -- Avocado Salad Regular
(1270, 'ORD0370', '2025-01-17 19:50:00', 'it0049', 1, 149, 205), -- Tiramisu Slice
(1271, 'ORD0371', '2025-01-17 20:30:00', 'it0042', 1, 157, 206), -- White Wine Bottle
(1272, 'ORD0372', '2025-01-25 18:40:00', 'it0027', 1, 166, 207), -- Pesto Pasta Regular
(1273, 'ORD0372', '2025-01-25 18:40:00', 'it0031', 1, 166, 207), -- Caesar Salad Regular
(1274, 'ORD0372', '2025-01-25 18:40:00', 'it0048', 1, 166, 207), -- Cheesecake Whole
(1275, 'ORD0373', '2025-02-08 19:10:00', 'it0029', 1, 138, 208), -- Bolognese Lasagna Regular
(1276, 'ORD0373', '2025-02-08 19:10:00', 'it0033', 1, 138, 208), -- Greek Salad Regular
(1277, 'ORD0373', '2025-02-08 19:10:00', 'it0049', 2, 138, 208), -- Tiramisu Slice
(1278, 'ORD0374', '2025-02-14 20:00:00', 'it0047', 2, 164, 209), -- Cheesecake Slice
(1279, 'ORD0374', '2025-02-14 20:00:00', 'it0041', 1, 164, 209), -- Red Wine Bottle
(1280, 'ORD0375', '2025-02-14 19:20:00', 'it0023', 1, 161, 210), -- Fettuccine Alfredo Regular
(1281, 'ORD0375', '2025-02-14 19:20:00', 'it0049', 1, 161, 210), -- Tiramisu Slice
(1282, 'ORD0376', '2025-02-28 18:55:00', 'it0026', 1, 171, 211), -- Penne Arrabbiata Large
(1283, 'ORD0376', '2025-02-28 18:55:00', 'it0034', 1, 171, 211), -- Greek Salad Large
(1284, 'ORD0376', '2025-02-28 18:55:00', 'it0042', 1, 171, 211); -- White Wine Bottle

INSERT INTO orders (row_id, order_id, created_at, item_id, quantity, cust_id, add_id) VALUES
(1285, 'ORD0365', '2025-02-01 12:15:00', 'it0021', 1, 145, 200), -- Spaghetti Bolognese Regular
(1286, 'ORD0365', '2025-02-01 12:15:00', 'it0031', 1, 145, 200), -- Caesar Salad Regular
(1287, 'ORD0366', '2025-02-01 18:45:00', 'it0037', 2, 162, 201), -- Focaccia Bread Regular
(1288, 'ORD0366', '2025-02-01 18:45:00', 'it0045', 1, 162, 201), -- Soda Can
(1289, 'ORD0367', '2025-01-30 19:30:00', 'it0023', 1, 132, 202), -- Fettuccine Alfredo Regular
(1290, 'ORD0367', '2025-01-30 19:30:00', 'it0033', 1, 132, 202), -- Greek Salad Regular
(1291, 'ORD0367', '2025-01-30 19:30:00', 'it0047', 1, 132, 202), -- Cheesecake Slice
(1292, 'ORD0368', '2025-01-30 20:10:00', 'it0041', 1, 173, 203), -- Red Wine Bottle
(1293, 'ORD0369', '2025-01-12 13:20:00', 'it0029', 1, 159, 204), -- Bolognese Lasagna Regular
(1294, 'ORD0369', '2025-01-12 13:20:00', 'it0039', 2, 159, 204), -- Garlic Bread Regular
(1295, 'ORD0370', '2025-01-18 19:50:00', 'it0025', 1, 149, 205), -- Penne Arrabbiata Regular
(1296, 'ORD0370', '2025-01-18 19:50:00', 'it0035', 1, 149, 205), -- Avocado Salad Regular
(1297, 'ORD0370', '2025-01-18 19:50:00', 'it0049', 1, 149, 205), -- Tiramisu Slice
(1298, 'ORD0371', '2025-01-18 20:30:00', 'it0042', 1, 157, 206), -- White Wine Bottle
(1299, 'ORD0372', '2025-01-27 18:40:00', 'it0027', 1, 166, 207), -- Pesto Pasta Regular
(1300, 'ORD0372', '2025-01-27 18:40:00', 'it0031', 1, 166, 207), -- Caesar Salad Regular
(1301, 'ORD0372', '2025-01-27 18:40:00', 'it0048', 1, 166, 207), -- Cheesecake Whole
(1302, 'ORD0373', '2025-02-08 19:10:00', 'it0029', 1, 138, 208), -- Bolognese Lasagna Regular
(1303, 'ORD0373', '2025-02-08 19:10:00', 'it0033', 1, 138, 208), -- Greek Salad Regular
(1304, 'ORD0373', '2025-02-08 19:10:00', 'it0049', 2, 138, 208), -- Tiramisu Slice
(1305, 'ORD0374', '2025-02-14 20:00:00', 'it0047', 2, 164, 209), -- Cheesecake Slice
(1306, 'ORD0374', '2025-02-14 20:00:00', 'it0041', 1, 164, 209), -- Red Wine Bottle
(1307, 'ORD0375', '2025-02-14 19:20:00', 'it0023', 1, 161, 210), -- Fettuccine Alfredo Regular
(1308, 'ORD0375', '2025-02-14 19:20:00', 'it0049', 1, 161, 210), -- Tiramisu Slice
(1309, 'ORD0376', '2025-02-26 18:55:00', 'it0026', 1, 171, 211), -- Penne Arrabbiata Large
(1310, 'ORD0376', '2025-02-26 18:55:00', 'it0034', 1, 171, 211), -- Greek Salad Large
(1311, 'ORD0376', '2025-02-26 18:55:00', 'it0042', 1, 171, 211);

INSERT INTO orders (row_id, order_id, created_at, item_id, quantity, cust_id, add_id) VALUES
(1312, 'ORD0381', '2025-02-15 12:30:00', 'it0025', 1, 143, 216), 
(1313, 'ORD0382', '2025-02-15 18:10:00', 'it0027', 1, 154, 217), 
(1314, 'ORD0382', '2025-02-15 18:10:00', 'it0029', 1, 154, 217), 
(1315, 'ORD0383', '2025-02-16 19:20:00', 'it0023', 1, 163, 218), 
(1316, 'ORD0383', '2025-02-16 19:20:00', 'it0026', 1, 163, 218), 
(1317, 'ORD0384', '2025-02-17 20:40:00', 'it0025', 1, 178, 219), 
(1318, 'ORD0384', '2025-02-17 20:40:00', 'it0027', 1, 178, 219), 
(1319, 'ORD0385', '2025-01-18 13:15:00', 'it0029', 1, 159, 220), 
(1320, 'ORD0385', '2025-01-18 13:15:00', 'it0023', 1, 159, 220),
(1321, 'ORD0386', '2025-02-15 12:30:00', 'it0021', 1, 143, 216), 
(1322, 'ORD0386', '2025-02-15 12:30:00', 'it0025', 1, 143, 216), 
(1323, 'ORD0387', '2025-02-25 18:10:00', 'it0027', 1, 154, 217), 
(1324, 'ORD0387', '2025-02-25 18:10:00', 'it0029', 1, 154, 217), 
(1325, 'ORD0388', '2025-02-16 19:20:00', 'it0023', 1, 163, 218), 
(1326, 'ORD0388', '2025-02-16 19:20:00', 'it0026', 1, 163, 218), 
(1327, 'ORD0389', '2025-02-27 20:40:00', 'it0025', 1, 178, 219), 
(1328, 'ORD0389', '2025-02-27 20:40:00', 'it0027', 1, 178, 219), 
(1329, 'ORD0390', '2025-02-18 13:15:00', 'it0029', 1, 159, 220), 
(1330, 'ORD0390', '2025-02-18 13:15:00', 'it0023', 1, 159, 220), 
(1331, 'ORD0391', '2025-02-05 12:30:00', 'it0021', 1, 143, 216), 
(1332, 'ORD0391', '2025-02-05 12:30:00', 'it0025', 1, 143, 216), 
(1333, 'ORD0392', '2025-02-05 18:10:00', 'it0027', 1, 154, 217), 
(1334, 'ORD0392', '2025-02-05 18:10:00', 'it0029', 1, 154, 217), 
(1335, 'ORD0393', '2025-02-06 19:20:00', 'it0023', 1, 163, 218), 
(1336, 'ORD0393', '2025-02-06 19:20:00', 'it0026', 1, 163, 218), 
(1337, 'ORD0394', '2025-01-17 20:40:00', 'it0025', 1, 178, 219), 
(1338, 'ORD0394', '2025-01-17 20:40:00', 'it0027', 1, 178, 219), 
(1339, 'ORD0395', '2025-01-18 13:15:00', 'it0029', 1, 159, 220), 
(1340, 'ORD0395', '2025-01-18 13:15:00', 'it0023', 1, 159, 220); 

INSERT INTO orders (row_id, order_id, created_at, item_id, quantity, cust_id, add_id) VALUES
(1341, 'ORD0005', '2025-01-08 17:10:00', 'it0021', 2, 5, 5),
(1342, 'ORD0006', '2025-01-10 18:30:00', 'it0022', 1, 6, 6),
(1343, 'ORD0006', '2025-01-10 18:30:00', 'it0023', 2, 6, 6),
(1344, 'ORD0007', '2025-01-11 11:00:00', 'it0024', 1, 7, 7),
(1345, 'ORD0008', '2025-01-12 13:50:00', 'it0025', 2, 8, 8),
(1346, 'ORD0009', '2025-01-14 14:30:00', 'it0026', 2, 9, 9),
(1347, 'ORD0010', '2025-01-15 15:20:00', 'it0027', 1, 10, 10),
(1348, 'ORD0011', '2025-01-16 12:10:00', 'it0028', 1, 11, 11),
(1349, 'ORD0012', '2025-01-17 14:00:00', 'it0029', 3, 12, 12),
(1350, 'ORD0013', '2025-01-18 16:45:00', 'it0030', 1, 13, 13),
(1351, 'ORD0014', '2025-01-19 18:15:00', 'it0031', 2, 14, 14),
(1352, 'ORD0015', '2025-01-21 12:30:00', 'it0032', 1, 15, 15),
(1353, 'ORD0015', '2025-01-21 12:30:00', 'it0033', 3, 15, 15),
(1354, 'ORD0016', '2025-01-22 17:50:00', 'it0034', 1, 16, 16),
(1355, 'ORD0017', '2025-01-23 15:40:00', 'it0035', 2, 17, 17),
(1356, 'ORD0018', '2025-01-24 13:30:00', 'it0036', 2, 18, 18),
(1357, 'ORD0019', '2025-01-25 19:00:00', 'it0037', 1, 19, 19),
(1358, 'ORD0020', '2025-01-26 12:20:00', 'it0038', 2, 20, 20),
(1359, 'ORD0021', '2025-01-28 15:10:00', 'it0039', 1, 21, 21),
(1360, 'ORD0022', '2025-01-29 14:00:00', 'it0040', 1, 22, 22),
(1361, 'ORD0023', '2025-01-30 16:40:00', 'it0041', 2, 23, 23),
(1362, 'ORD0024', '2025-02-01 18:20:00', 'it0042', 3, 24, 24),
(1363, 'ORD0025', '2025-02-02 12:00:00', 'it0043', 2, 25, 25),
(1364, 'ORD0026', '2025-02-03 14:30:00', 'it0044', 1, 26, 26),
(1365, 'ORD0027', '2025-02-04 13:20:00', 'it0045', 3, 27, 27),
(1366, 'ORD0028', '2025-02-05 15:00:00', 'it0046', 2, 28, 28),
(1367, 'ORD0029', '2025-02-06 12:40:00', 'it0047', 1, 29, 29),
(1368, 'ORD0030', '2025-02-07 11:10:00', 'it0048', 3, 30, 30),
(1369, 'ORD0031', '2025-02-08 14:00:00', 'it0049', 2, 31, 31),
(1370, 'ORD0033', '2025-02-10 12:30:00', 'it0050', 1, 33, 33),
(1371, 'ORD0034', '2025-02-11 14:40:00', 'it0023', 1, 34, 34),
(1372, 'ORD0035', '2025-02-12 16:00:00', 'it0027', 2, 35, 35),
(1373, 'ORD0036', '2025-02-13 14:00:00', 'it0029', 3, 36, 36),
(1374, 'ORD0037', '2025-02-14 15:00:00', 'it0032', 3, 37, 37),
(1375, 'ORD0038', '2025-02-15 13:30:00', 'it0025', 1, 38, 38),
(1376, 'ORD0039', '2025-02-16 14:20:00', 'it0030', 2, 39, 39),
(1377, 'ORD0040', '2025-02-17 12:30:00', 'it0048', 1, 40, 40),
(1378, 'ORD0041', '2025-02-18 13:10:00', 'it0026', 1, 41, 41),
(1379, 'ORD0042', '2025-02-19 11:30:00', 'it0049', 2, 42, 42),
(1380, 'ORD0043', '2025-02-20 12:40:00', 'it0028', 2, 43, 43),
(1381, 'ORD0044', '2025-02-21 14:50:00', 'it0047', 1, 44, 44),
(1382, 'ORD0045', '2025-02-22 15:20:00', 'it0022', 1, 45, 45),
(1383, 'ORD0046', '2025-02-23 16:30:00', 'it0024', 2, 46, 46),
(1384, 'ORD0047', '2025-02-24 17:40:00', 'it0021', 2, 47, 47),
(1385, 'ORD0048', '2025-02-25 12:20:00', 'it0029', 3, 48, 48),
(1386, 'ORD0049', '2025-02-26 14:00:00', 'it0032', 1, 49, 49),
(1387, 'ORD0050', '2025-02-27 13:10:00', 'it0048', 1, 50, 50),
(1388, 'ORD0051', '2025-02-28 12:00:00', 'it0045', 3, 51, 51),
(1389, 'ORD0052', '2025-02-01 13:30:00', 'it0023', 2, 52, 52),
(1390, 'ORD0053', '2025-02-02 14:40:00', 'it0027', 1, 53, 53),
(1391, 'ORD0054', '2025-02-03 15:50:00', 'it0044', 3, 54, 54),
(1392, 'ORD0055', '2025-02-04 11:40:00', 'it0028', 1, 55, 55),
(1393, 'ORD0056', '2025-02-05 12:30:00', 'it0035', 2, 56, 56),
(1394, 'ORD0057', '2025-02-06 14:20:00', 'it0049', 1, 57, 57),
(1395, 'ORD0058', '2025-02-07 11:10:00', 'it0026', 2, 58, 58),
(1396, 'ORD0059', '2025-02-08 13:30:00', 'it0024', 3, 59, 59),
(1397, 'ORD0060', '2025-02-09 12:40:00', 'it0022', 2, 60, 60),
(1398, 'ORD0061', '2025-02-10 14:30:00', 'it0043', 3, 61, 61),
(1399, 'ORD0062', '2025-02-11 11:50:00', 'it0025', 1, 62, 62),
(1400, 'ORD0063', '2025-02-12 12:00:00', 'it0023', 3, 63, 63),
(1401, 'ORD0064', '2025-02-13 15:20:00', 'it0029', 2, 64, 64),
(1402, 'ORD0065', '2025-02-14 14:10:00', 'it0032', 2, 65, 65),
(1403, 'ORD0066', '2025-02-15 13:30:00', 'it0047', 1, 66, 66),
(1404, 'ORD0067', '2025-02-16 14:50:00', 'it0026', 3, 67, 67),
(1405, 'ORD0068', '2025-02-17 11:40:00', 'it0030', 3, 68, 68),
(1406, 'ORD0069', '2025-02-18 14:10:00', 'it0045', 2, 69, 69),
(1407, 'ORD0070', '2025-02-19 12:50:00', 'it0021', 2, 70, 70),
(1408, 'ORD0071', '2025-02-20 11:30:00', 'it0035', 1, 71, 71),
(1409, 'ORD0072', '2025-02-21 12:20:00', 'it0049', 3, 72, 72),
(1410, 'ORD0073', '2025-02-22 14:00:00', 'it0021', 1, 73, 73),
(1411, 'ORD0074', '2025-02-23 13:10:00', 'it0021', 2, 74, 74),
(1412, 'ORD0075', '2025-02-24 11:30:00', 'it0023', 3, 75, 75),
(1413, 'ORD0076', '2025-02-25 14:20:00', 'it0021', 2, 76, 76),
(1416, 'ORD0077', '2025-02-26 12:00:00', 'it0025', 2, 77, 77),
(1417, 'ORD0078', '2025-02-27 13:40:00', 'it0026', 1, 78, 78),
(1418, 'ORD0079', '2025-02-28 11:20:00', 'it0029', 3, 79, 79),
(1419, 'ORD0080', '2025-02-28 14:30:00', 'it0022', 1, 80, 80),
(1420, 'ORD0081', '2025-02-28 13:00:00', 'it0029', 2, 81, 81),
(1421, 'ORD0082', '2025-02-28 12:10:00', 'it0021', 2, 82, 82),
(1422, 'ORD0083', '2025-02-27 14:40:00', 'it0026', 3, 83, 83),
(1423, 'ORD0084', '2025-02-26 12:30:00', 'it0021', 1, 84, 84),
(1424, 'ORD0085', '2025-02-25 13:40:00', 'it0027', 1, 85, 85),
(1425, 'ORD0086', '2025-02-24 11:10:00', 'it0025', 3, 86, 86),
(1426, 'ORD0087', '2025-02-23 14:00:00', 'it0031', 2, 87, 87),
(1427, 'ORD0088', '2025-02-23 13:30:00', 'it0022', 1, 88, 88),
(1428, 'ORD0089', '2025-02-22 12:40:00', 'it0026', 3, 89, 89),
(1429, 'ORD0090', '2025-02-21 14:20:00', 'it0028', 1, 90, 90),
(1430, 'ORD0091', '2025-02-20 13:00:00', 'it0022', 1, 91, 91),
(1431, 'ORD0092', '2025-02-19 14:10:00', 'it0025', 3, 92, 92),
(1432, 'ORD0093', '2025-02-18 13:20:00', 'it0027', 1, 93, 93),
(1433, 'ORD0094', '2025-02-17 11:00:00', 'it0023', 1, 94, 94),
(1434, 'ORD0095', '2025-02-16 13:10:00', 'it0025', 1, 95, 95),
(1435, 'ORD0096', '2025-02-15 14:50:00', 'it0027', 1, 96, 96),
(1436, 'ORD0097', '2025-02-14 11:30:00', 'it0030', 3, 97, 97);


INSERT INTO recipe (row_id, recipe_id, ing_id, quantity) VALUES
-- Spaghetti Bolognese
(101, 'PAST-SPAG-R', 'ING021', 200),
(102, 'PAST-SPAG-R', 'ING022', 150),
(103, 'PAST-SPAG-R', 'ING023', 100),
(104, 'PAST-SPAG-R', 'ING024', 50),
(105, 'PAST-SPAG-R', 'ING025', 30),
(106, 'PAST-SPAG-L', 'ING021', 300),
(107, 'PAST-SPAG-L', 'ING022', 225),
(108, 'PAST-SPAG-L', 'ING023', 150),
(109, 'PAST-SPAG-L', 'ING024', 75),
(110, 'PAST-SPAG-L', 'ING025', 45),

-- Fettuccine Alfredo
(111, 'PAST-ALFR-R', 'ING026', 200),
(112, 'PAST-ALFR-R', 'ING027', 150),
(113, 'PAST-ALFR-R', 'ING028', 100),
(114, 'PAST-ALFR-R', 'ING029', 50),
(115, 'PAST-ALFR-L', 'ING026', 300),
(116, 'PAST-ALFR-L', 'ING027', 225),
(117, 'PAST-ALFR-L', 'ING028', 150),
(118, 'PAST-ALFR-L', 'ING029', 75),

-- Penne Arrabbiata
(119, 'PAST-PENNE-R', 'ING030', 200),
(120, 'PAST-PENNE-R', 'ING031', 150),
(121, 'PAST-PENNE-R', 'ING032', 100),
(122, 'PAST-PENNE-R', 'ING033', 50),
(123, 'PAST-PENNE-L', 'ING030', 300),
(124, 'PAST-PENNE-L', 'ING031', 225),
(125, 'PAST-PENNE-L', 'ING032', 150),
(126, 'PAST-PENNE-L', 'ING033', 75),

-- Pesto Pasta
(127, 'PAST-PEST-R', 'ING034', 200),
(128, 'PAST-PEST-R', 'ING035', 150),
(129, 'PAST-PEST-R', 'ING036', 100),
(130, 'PAST-PEST-R', 'ING037', 50),
(131, 'PAST-PEST-L', 'ING034', 300),
(132, 'PAST-PEST-L', 'ING035', 225),
(133, 'PAST-PEST-L', 'ING036', 150),
(134, 'PAST-PEST-L', 'ING037', 75),

-- Bolognese Lasagna
(135, 'PAST-BOLOG-R', 'ING021', 200),
(136, 'PAST-BOLOG-R', 'ING022', 150),
(137, 'PAST-BOLOG-R', 'ING023', 100),
(138, 'PAST-BOLOG-R', 'ING038', 50),
(139, 'PAST-BOLOG-L', 'ING021', 300),
(140, 'PAST-BOLOG-L', 'ING022', 225),
(141, 'PAST-BOLOG-L', 'ING023', 150),
(142, 'PAST-BOLOG-L', 'ING038', 75),

-- Caesar Salad
(143, 'SALAD-CAES-R', 'ING039', 150),
(144, 'SALAD-CAES-R', 'ING040', 100),
(145, 'SALAD-CAES-R', 'ING041', 50),
(146, 'SALAD-CAES-L', 'ING039', 225),
(147, 'SALAD-CAES-L', 'ING040', 150),
(148, 'SALAD-CAES-L', 'ING041', 75),

-- Greek Salad
(149, 'SALAD-GREEK-R', 'ING042', 150),
(150, 'SALAD-GREEK-R', 'ING043', 100),
(151, 'SALAD-GREEK-R', 'ING044', 50),
(152, 'SALAD-GREEK-L', 'ING042', 225),
(153, 'SALAD-GREEK-L', 'ING043', 150),
(154, 'SALAD-GREEK-L', 'ING044', 75),

-- Avocado Salad
(155, 'SALAD-AVO-R', 'ING045', 150),
(156, 'SALAD-AVO-R', 'ING046', 100),
(157, 'SALAD-AVO-R', 'ING047', 50),
(158, 'SALAD-AVO-L', 'ING045', 225),
(159, 'SALAD-AVO-L', 'ING046', 150),
(160, 'SALAD-AVO-L', 'ING047', 75),

-- Focaccia Bread
(161, 'BREAD-FOC-R', 'ING048', 200),
(162, 'BREAD-FOC-R', 'ING049', 100),
(163, 'BREAD-FOC-L', 'ING048', 300),
(164, 'BREAD-FOC-L', 'ING049', 150),

-- Garlic Bread
(165, 'BREAD-GAR-R', 'ING048', 200),
(166, 'BREAD-GAR-R', 'ING050', 100),
(167, 'BREAD-GAR-L', 'ING048', 300),
(168, 'BREAD-GAR-L', 'ING050', 150),

-- Drinks
(169, 'DRINK-WIN-R', 'ING051', 150),
(170, 'DRINK-WIN-L', 'ING052', 200),
(171, 'DRINK-SPR-R', 'ING053', 250),
(172, 'DRINK-SPR-L', 'ING053', 500),
(173, 'DRINK-SOD-R', 'ING054', 330),
(174, 'DRINK-SOD-L', 'ING054', 500),

-- Desserts
(175, 'DESS-CHE-R', 'ING055', 150),
(176, 'DESS-CHE-R', 'ING056', 100),
(177, 'DESS-CHE-R', 'ING057', 50),
(178, 'DESS-CHE-L', 'ING055', 225),
(179, 'DESS-CHE-L', 'ING056', 150),
(180, 'DESS-CHE-L', 'ING057', 75),

(181, 'DESS-TIR-R', 'ING058', 150),
(182, 'DESS-TIR-R', 'ING059', 100),
(183, 'DESS-TIR-R', 'ING060', 50),
(184, 'DESS-TIR-L', 'ING058', 225),
(185, 'DESS-TIR-L', 'ING059', 150),
(186, 'DESS-TIR-L', 'ING060', 75);

ALTER TABLE inventory
ADD updated_at DATETIME

UPDATE inventory
SET updated_at = '2025-02-01 00:00:00'